# R,G,B per-pixel dark offset
789.08,556.18,503.71
789.76,558.51,508.00
789.18,557.84,509.02
793.95,556.16,521.44
794.76,564.02,513.77
799.90,563.84,534.05
802.82,566.03,515.67
802.10,566.94,519.47
807.52,568.76,518.98
808.16,568.82,522.84
810.26,571.50,522.90
816.60,576.84,525.06
821.24,576.25,525.59
821.30,576.51,529.91
822.50,579.77,528.18
830.90,590.19,531.55
829.77,586.09,531.50
833.25,585.93,531.77
835.63,604.85,536.06
837.74,586.94,535.91
840.62,588.77,537.88
842.01,587.97,537.64
845.25,591.84,539.67
847.49,593.53,543.10
853.27,595.06,550.72
855.02,595.47,546.08
855.83,600.26,545.89
857.40,599.34,548.63
862.95,598.13,566.68
864.87,605.43,551.71
865.05,605.45,550.87
866.93,606.11,552.55
867.84,606.09,557.27
873.84,612.63,553.34
871.88,607.74,554.91
873.10,608.64,564.92
875.92,612.92,557.65
879.22,610.75,559.83
882.62,614.80,561.78
883.71,617.74,563.40
887.56,617.69,561.93
886.73,619.12,563.61
890.09,619.08,563.64
888.59,620.20,566.49
894.79,617.96,574.95
898.10,622.48,566.40
895.84,622.95,569.50
895.13,621.97,554.08
900.65,625.79,556.48
912.54,624.31,575.05
903.07,627.15,595.49
902.24,628.51,570.98
908.74,630.47,571.44
908.65,628.10,574.56
908.14,631.99,573.73
912.24,628.42,575.68
912.98,628.62,577.27
915.55,631.25,579.81
915.88,632.31,580.26
916.85,632.98,590.75
918.90,633.23,577.91
922.16,635.55,579.48
919.89,633.75,583.59
922.43,636.91,583.15
924.98,638.03,600.86
927.46,639.55,594.36
922.21,638.82,581.29
928.27,639.22,582.01
927.50,640.62,584.36
932.08,641.27,583.35
933.31,641.49,588.43
932.93,645.72,588.77
932.27,643.51,587.33
941.55,646.11,589.07
934.13,646.08,588.69
935.95,644.46,593.82
935.24,645.48,590.78
939.43,647.83,590.50
940.60,648.67,591.25
946.74,649.04,591.56
944.79,644.63,593.50
947.33,650.09,594.92
948.71,653.73,594.92
947.63,651.08,594.92
974.07,657.99,593.05
947.65,653.83,593.93
949.83,651.59,591.93
948.03,653.09,597.89
951.58,656.29,595.23
953.59,651.87,595.90
959.58,654.48,596.94
952.04,653.61,596.72
953.94,658.65,597.64
954.71,655.22,595.54
955.91,655.41,593.40
954.40,655.05,596.67
956.28,657.74,598.87
960.64,654.92,600.75
954.87,655.72,596.65
954.85,657.90,598.68
959.40,659.61,595.02
959.70,661.82,602.21
959.02,659.17,601.63
958.23,658.68,598.59
959.49,657.79,598.95
960.99,656.71,598.97
961.47,657.20,598.80
969.33,659.65,598.81
985.66,662.18,601.03
975.16,659.75,601.20
965.79,661.83,597.52
969.21,659.66,599.98
961.95,659.28,601.59
962.35,659.50,601.21
962.59,658.20,601.07
968.57,662.11,599.82
966.23,660.86,599.00
964.59,661.70,603.81
964.60,664.59,605.30
967.26,661.36,604.84
967.55,659.97,602.35
966.67,665.33,603.22
968.67,669.69,600.12
970.57,663.40,603.44
970.51,663.47,606.31
968.64,662.19,604.70
967.94,668.46,601.70
972.36,664.30,602.89
971.70,662.45,607.14
972.70,664.33,607.79
974.11,664.79,606.92
971.47,666.11,604.75
975.46,685.12,610.41
975.77,664.15,607.00
974.69,680.17,608.09
973.83,666.23,604.14
981.37,676.05,607.32
977.63,664.70,606.31
977.84,668.46,605.50
979.07,669.27,607.94
979.61,671.41,607.27
980.56,668.04,608.76
979.16,667.05,606.22
977.63,668.18,610.47
981.12,671.40,607.58
979.22,669.41,610.88
981.41,674.19,604.86
980.87,672.21,609.34
980.53,671.13,614.81
982.12,670.35,606.05
982.54,669.19,609.26
983.36,669.10,611.76
981.34,667.88,610.45
981.22,668.22,607.90
983.07,673.19,608.65
984.55,671.37,609.72
984.05,670.09,609.69
985.23,668.98,607.85
986.68,671.93,606.59
985.45,688.64,609.92
986.40,671.91,607.47
985.61,671.88,618.36
987.67,670.30,609.73
988.74,672.08,609.12
986.96,669.76,609.68
989.37,680.44,615.29
984.69,669.76,607.41
988.59,669.69,609.73
987.90,672.27,610.51
990.28,671.42,614.63
988.43,672.70,610.59
992.31,672.09,610.02
988.57,674.07,611.24
988.30,673.93,612.13
991.84,676.94,613.22
992.56,674.20,611.87
991.94,671.86,611.40
988.87,672.54,613.26
990.00,676.67,609.99
987.80,673.59,623.68
989.88,670.48,609.22
990.86,671.37,614.60
988.07,670.71,611.85
989.05,680.95,612.10
989.81,671.54,613.68
994.03,669.88,609.32
988.43,673.01,611.06
996.65,674.51,610.52
993.02,671.23,614.38
988.24,672.31,608.28
987.84,673.09,608.44
986.79,672.98,608.89
1019.95,670.96,611.50
987.41,670.46,611.50
989.61,673.90,611.66
987.40,670.08,611.50
992.20,671.14,612.01
993.64,671.47,610.51
987.42,670.28,609.18
988.21,670.27,613.48
986.95,671.33,613.44
997.62,673.19,611.57
985.93,669.70,611.44
987.03,671.82,610.46
991.11,674.52,615.25
990.24,671.47,611.87
990.77,677.15,614.12
989.10,670.74,613.15
989.11,670.15,611.65
990.12,669.99,611.39
989.00,676.27,613.04
988.79,669.46,609.03
991.04,670.70,612.55
989.09,669.48,610.71
988.55,667.87,611.04
989.78,673.68,612.11
990.53,673.06,612.92
1004.96,670.22,611.30
990.50,673.05,610.75
989.67,673.98,610.84
991.63,676.10,612.75
990.52,675.00,613.33
1000.50,669.93,613.81
989.67,670.86,614.24
986.46,672.75,611.36
989.51,670.75,612.71
988.23,671.33,612.20
988.83,675.92,610.89
991.02,672.18,620.57
990.52,674.79,610.75
989.30,672.06,615.40
989.81,670.34,613.83
992.11,672.32,610.05
990.60,673.75,613.52
993.64,672.88,615.41
990.35,672.98,612.02
989.21,674.08,613.64
987.95,679.54,613.82
991.47,672.51,612.19
989.31,675.29,613.18
992.68,673.23,614.00
992.87,673.25,615.31
1007.91,672.87,610.57
990.55,673.07,614.30
990.68,675.08,611.52
991.81,675.53,616.97
993.23,671.77,618.62
991.57,673.15,614.29
994.52,674.35,614.09
995.37,677.11,615.19
993.76,673.84,616.19
1002.20,677.10,617.99
995.64,677.36,620.47
992.19,674.43,614.03
996.19,675.78,613.17
995.06,681.20,615.27
996.75,675.59,614.28
993.69,675.60,613.96
992.70,678.66,613.06
994.53,674.42,616.40
996.85,673.40,613.39
997.02,679.03,615.56
996.72,675.83,613.99
996.12,674.65,616.31
1003.52,676.47,615.77
996.83,674.72,622.99
1000.30,673.90,613.62
995.14,675.40,613.24
994.17,670.66,613.84
992.71,671.63,618.68
1000.59,675.63,613.49
990.52,674.23,614.75
994.65,675.46,614.25
993.45,674.85,609.34
993.69,673.17,614.16
992.98,678.70,611.56
992.82,673.09,613.69
996.33,677.60,614.98
992.13,672.11,613.01
992.99,676.07,617.48
995.15,672.59,613.09
992.10,674.38,615.62
991.12,673.64,612.14
993.88,675.24,614.20
993.67,674.84,613.98
991.40,673.96,611.20
991.86,676.27,613.45
990.71,689.68,612.88
995.04,675.72,612.67
992.72,672.27,611.82
990.35,673.96,611.10
1004.73,675.04,610.75
993.87,673.87,610.78
987.43,669.53,612.74
988.79,680.02,614.21
990.56,675.29,610.30
991.12,671.70,609.70
989.05,671.25,612.43
989.93,669.37,609.15
991.00,672.28,610.96
990.43,672.00,611.01
993.57,678.61,608.56
990.73,670.99,611.73
987.75,670.08,610.53
988.01,669.85,611.47
987.73,667.92,609.92
987.90,670.06,608.18
987.37,668.77,609.21
987.22,669.41,608.47
986.52,671.29,609.50
982.95,670.92,607.81
993.97,670.42,609.72
986.96,667.41,608.75
986.29,670.06,611.18
983.68,671.41,610.52
989.79,669.08,607.45
982.77,670.56,606.84
983.66,668.71,609.24
982.56,669.81,607.68
986.29,666.74,622.11
982.41,669.93,610.24
983.01,669.81,609.85
982.82,667.23,609.54
985.10,670.86,608.32
983.65,670.39,609.73
983.29,668.96,607.14
994.16,669.75,606.73
985.88,667.70,608.34
986.50,669.79,606.59
987.23,666.77,610.10
983.07,668.90,611.39
985.04,668.65,612.07
983.53,667.18,609.78
985.94,666.51,606.92
986.80,666.44,608.92
985.54,667.31,614.01
982.48,666.20,610.28
983.96,667.30,606.10
985.10,666.05,609.98
983.86,669.28,614.66
980.67,667.33,608.59
983.57,665.90,607.66
984.52,669.19,606.45
982.14,666.60,607.98
983.78,669.82,609.40
983.34,667.21,609.31
981.04,667.71,609.53
981.23,666.78,606.79
984.87,669.67,607.12
982.61,666.07,609.88
984.88,668.02,608.04
981.34,668.20,606.43
981.86,666.32,612.94
980.39,667.62,607.51
980.98,665.37,605.68
981.71,665.72,607.09
980.32,676.44,607.61
981.46,665.26,606.69
985.97,666.79,605.84
982.65,668.63,606.49
981.99,664.32,606.02
978.16,665.33,608.47
978.59,666.44,604.61
979.15,663.73,607.42
981.21,665.65,604.50
986.34,666.34,605.50
982.04,667.84,607.50
983.23,665.11,608.12
978.78,663.67,604.20
979.77,662.72,605.79
983.63,663.46,605.61
981.32,665.66,603.72
981.96,665.01,607.13
979.25,666.69,604.94
980.61,664.93,606.43
978.55,665.79,604.77
983.77,662.71,609.01
980.36,663.96,606.04
995.59,664.83,605.77
980.42,663.12,604.98
979.18,665.67,603.93
980.30,662.00,602.69
988.12,664.64,607.45
978.32,664.11,605.71
979.87,666.21,604.37
979.39,663.68,608.32
982.73,663.38,607.87
980.40,663.92,607.71
979.43,664.73,604.08
980.91,662.78,603.06
976.80,663.72,604.95
986.47,661.96,604.57
980.75,663.31,605.21
978.68,666.29,601.32
978.08,667.18,606.32
981.35,664.85,604.01
979.91,663.90,605.39
979.26,672.66,604.10
980.40,665.37,607.13
978.63,664.07,605.42
993.92,664.36,609.01
981.85,663.51,605.86
984.99,667.87,604.89
979.03,664.30,605.40
982.86,666.23,616.61
980.12,664.45,604.42
978.42,667.73,606.97
982.09,666.14,606.15
980.32,664.46,607.36
978.30,665.61,604.75
980.17,665.78,607.59
980.78,664.14,604.09
981.73,664.74,603.71
981.79,663.22,603.90
980.78,665.03,607.26
981.79,667.43,619.62
980.02,667.48,605.78
978.24,666.79,606.05
978.25,664.35,608.81
981.57,665.19,606.14
981.29,664.27,608.08
978.16,664.99,607.47
978.91,665.71,615.70
977.16,664.60,604.24
977.82,662.84,604.66
978.03,663.04,605.82
980.22,663.53,605.38
978.44,664.01,607.21
979.44,666.00,604.35
979.39,664.98,604.58
977.92,664.00,605.36
981.61,663.38,606.45
980.20,664.91,603.81
982.18,665.01,610.03
980.40,663.36,604.53
977.32,663.14,604.41
976.56,665.35,605.56
978.56,663.42,604.36
977.88,663.78,604.99
995.74,664.01,602.43
981.91,663.14,604.31
980.64,663.84,605.12
979.82,664.41,602.79
977.72,664.28,605.80
981.66,662.28,609.32
976.39,662.55,604.15
980.69,665.69,608.08
979.44,665.69,604.01
975.70,662.90,603.84
978.07,663.86,603.29
980.16,664.30,607.67
975.81,662.58,602.95
978.59,677.74,602.77
976.23,660.67,601.79
974.82,661.64,602.69
976.61,663.60,603.18
976.55,661.56,601.38
975.62,664.85,605.51
976.31,663.14,604.33
979.16,666.93,601.00
977.08,662.36,601.49
975.62,662.88,602.22
974.29,661.83,605.16
974.88,672.21,602.16
975.74,661.72,602.95
976.37,663.49,603.40
974.50,660.47,602.41
974.19,659.88,601.37
976.03,663.28,603.17
977.60,662.14,600.91
975.34,704.94,605.20
979.86,660.17,603.70
984.84,661.34,604.01
975.24,661.40,602.32
979.32,659.99,601.27
975.36,660.68,604.86
975.36,662.85,601.01
977.53,660.49,600.14
972.32,662.68,604.07
978.26,669.26,604.42
973.77,664.10,600.44
972.37,662.11,601.54
971.52,660.75,600.42
973.06,659.96,604.60
970.92,662.25,601.62
971.58,660.70,604.61
970.00,662.24,602.17
971.32,659.31,615.13
968.12,669.15,603.67
972.51,662.69,602.10
969.77,660.23,601.44
969.44,658.84,605.59
971.25,657.38,599.81
971.10,660.89,600.69
970.64,662.37,603.18
971.02,660.79,601.63
972.05,658.04,599.46
972.00,667.56,601.43
972.14,657.69,603.91
971.01,659.70,602.37
970.41,661.73,612.33
973.41,657.94,598.87
972.21,658.66,601.17
973.09,659.88,609.08
971.40,659.82,600.26
972.46,659.26,600.22
974.69,660.65,598.03
974.97,660.53,603.22
972.80,660.98,617.35
972.33,659.35,599.77
972.42,661.79,599.83
974.53,660.18,601.91
969.84,660.18,601.60
973.12,657.86,601.55
973.69,660.18,607.75
971.34,660.74,600.96
973.24,660.77,601.09
973.89,661.11,604.01
993.77,662.08,600.74
971.02,659.92,601.57
967.00,665.90,601.03
972.95,660.81,604.81
971.83,660.38,599.95
975.61,661.20,601.76
971.09,657.82,599.84
968.72,659.39,600.19
975.74,657.48,600.88
968.59,661.14,601.12
972.63,656.57,605.87
970.43,658.66,598.24
970.96,655.70,601.55
969.89,657.01,602.22
969.78,663.01,601.33
967.75,658.04,597.27
968.68,660.00,603.26
969.81,658.31,601.54
969.44,658.52,597.86
975.38,658.60,601.69
969.49,659.71,599.29
965.29,659.86,608.90
969.03,656.32,597.87
968.20,659.74,600.73
967.00,658.61,597.94
969.02,659.41,600.98
965.67,657.94,598.68
966.50,658.37,600.66
966.59,656.33,602.13
964.52,656.20,618.49
964.89,657.34,600.19
964.31,654.66,598.20
964.86,657.98,598.39
965.87,662.22,600.09
967.28,656.45,597.97
977.72,655.25,597.49
964.57,655.79,599.12
964.29,657.43,595.92
965.11,657.90,598.21
965.75,659.05,599.68
965.02,658.59,599.28
967.80,657.33,599.94
965.45,658.34,599.36
965.21,658.04,597.19
967.45,654.20,600.18
969.08,655.72,600.54
966.09,658.10,600.67
967.05,659.64,598.88
966.87,659.34,598.55
964.45,657.45,601.47
967.81,664.98,597.74
968.25,656.24,600.83
966.70,655.98,598.58
965.77,664.49,596.27
966.04,656.11,602.35
966.07,675.43,598.58
970.69,656.48,598.25
964.12,656.33,599.30
968.37,655.31,598.36
966.25,656.61,597.76
967.72,655.13,599.34
964.08,655.32,598.90
966.98,656.51,599.10
965.94,654.34,599.45
965.63,653.89,598.98
967.20,659.06,598.83
962.17,655.42,596.94
961.95,655.37,599.35
965.75,654.57,596.29
961.18,653.67,595.03
960.35,653.95,596.87
968.70,656.59,594.83
959.90,652.94,597.04
962.71,653.90,599.19
958.49,654.34,596.26
960.24,652.85,607.93
960.04,656.31,593.75
958.23,655.24,594.55
957.28,656.47,593.94
956.90,650.89,594.45
957.29,651.92,595.47
957.10,652.74,598.43
955.67,651.50,593.85
956.64,651.89,599.16
953.58,652.24,606.09
953.16,649.64,593.78
954.45,649.45,593.41
953.67,652.38,593.21
952.96,651.86,593.53
954.11,649.62,593.99
966.66,656.26,591.95
953.07,652.21,592.83
954.95,649.79,592.07
952.69,649.53,592.23
952.97,649.40,594.11
951.04,651.37,591.83
952.48,649.39,592.17
952.69,649.20,599.71
951.69,648.40,599.77
950.53,649.91,590.84
950.37,648.70,590.96
953.18,648.14,591.96
952.66,647.29,592.05
950.84,648.00,592.32
950.78,649.31,592.41
950.09,648.48,592.84
950.73,647.40,611.56
951.67,650.00,592.57
950.35,649.28,593.81
950.14,648.41,591.29
950.30,646.16,592.05
954.50,651.25,594.02
949.50,648.54,592.93
963.88,647.98,592.13
952.84,648.56,592.01
952.05,645.42,606.29
950.80,653.00,593.05
949.35,646.96,589.65
948.58,648.59,593.79
955.48,646.46,591.47
948.20,650.74,588.62
953.88,646.27,592.05
949.46,656.37,592.85
950.52,647.50,592.96
946.59,648.03,589.50
950.31,648.73,590.16
947.02,647.30,593.28
950.74,647.38,591.37
950.12,649.25,591.39
951.83,650.68,591.46
948.67,647.33,596.85
951.52,650.48,593.06
952.50,658.37,603.07
947.27,649.47,610.53
949.03,648.60,590.17
963.88,646.78,592.99
951.89,652.17,593.32
951.26,646.10,592.06
949.36,646.14,590.91
950.23,651.22,593.40
949.70,647.60,592.41
949.52,647.88,590.05
950.34,647.60,602.36
948.50,649.55,592.68
948.72,648.41,593.68
947.52,650.58,591.94
948.00,647.23,590.17
946.13,647.71,589.21
947.36,647.44,590.37
952.57,648.74,592.60
947.00,647.63,592.04
946.25,646.48,590.06
944.97,649.16,591.68
947.01,643.93,589.30
945.05,646.69,589.97
944.85,649.27,591.60
944.32,652.25,591.48
948.74,651.98,594.04
945.39,646.69,593.01
947.02,648.10,589.29
946.77,645.76,588.30
946.84,647.00,591.56
947.18,646.20,590.75
943.97,647.25,590.99
944.34,646.50,588.62
945.95,646.35,592.39
947.92,647.76,592.23
950.74,646.80,590.81
947.70,646.90,590.30
946.92,644.70,590.58
947.74,647.12,589.14
949.07,646.86,589.32
948.60,650.43,590.84
950.37,645.85,593.36
948.52,644.21,591.06
946.34,646.85,593.26
949.13,646.68,590.85
949.16,645.37,592.29
949.48,644.14,592.51
949.55,649.60,589.25
947.72,647.08,589.06
946.14,658.88,590.49
947.78,647.32,587.35
946.34,648.34,586.59
945.72,645.24,607.01
945.46,649.50,589.88
946.78,648.14,589.79
947.31,645.61,587.19
944.60,648.06,590.71
946.08,645.43,601.25
943.42,648.23,586.93
957.75,646.27,589.09
946.74,646.70,588.17
946.21,645.87,589.57
942.77,644.05,589.46
948.33,643.21,588.95
943.40,643.74,588.43
943.52,644.89,588.98
943.43,645.08,589.22
943.46,647.67,587.42
943.40,646.72,590.09
941.67,646.31,588.65
946.26,645.90,589.64
942.03,643.81,588.42
943.43,647.71,587.75
941.97,643.74,589.85
955.45,647.25,588.03
940.97,645.54,594.47
944.09,645.18,587.68
954.25,644.30,588.44
944.35,644.38,590.57
943.80,645.93,587.89
970.98,645.69,600.05
945.07,645.31,586.21
944.23,645.78,588.53
941.92,644.61,587.54
941.28,644.71,585.49
942.76,643.71,588.33
942.00,646.14,590.96
941.51,646.10,588.98
944.26,645.75,591.53
942.10,643.54,584.84
946.98,642.89,587.61
943.67,644.24,587.43
941.08,644.67,587.83
940.27,644.33,585.74
942.69,641.64,585.42
940.39,643.68,585.60
940.12,642.15,587.98
943.44,642.46,590.16
945.19,645.65,590.45
939.01,644.48,587.51
942.71,644.86,586.54
940.67,644.56,587.73
942.14,645.37,589.11
955.63,645.61,588.93
940.44,642.17,587.90
940.23,643.09,588.28
940.17,642.56,588.09
939.32,641.65,589.50
939.89,643.48,588.31
941.45,643.63,587.32
938.78,648.15,586.22
940.20,643.20,588.44
938.82,642.56,594.74
939.69,640.93,588.26
945.96,642.69,589.31
942.57,643.44,585.60
939.54,643.42,587.43
940.20,641.98,587.82
938.54,643.08,588.24
939.85,643.68,585.78
938.22,639.14,587.20
936.53,640.00,589.25
936.82,643.31,588.19
939.13,641.25,597.69
938.27,644.49,584.92
938.78,642.27,585.67
939.18,651.79,589.98
936.46,640.20,585.19
938.58,641.58,587.01
938.48,642.22,586.81
937.86,644.05,585.63
936.80,641.60,588.44
938.86,648.68,585.34
936.62,641.84,584.66
946.73,639.36,587.45
937.09,641.62,586.31
938.13,641.13,585.25
935.62,645.41,584.45
939.77,641.40,585.18
937.64,641.13,585.58
934.73,638.88,585.10
936.70,642.32,587.16
937.27,640.21,602.70
936.27,639.66,584.85
934.20,639.71,585.54
936.01,641.34,585.73
936.29,639.61,583.87
938.15,654.26,585.76
932.66,641.94,584.77
934.21,641.28,585.94
933.87,639.88,583.06
937.88,640.01,603.04
934.09,642.19,585.95
934.22,638.39,584.91
933.16,640.92,585.07
933.06,639.45,584.01
932.98,648.45,585.11
935.92,641.08,587.15
936.67,654.95,583.06
934.68,639.39,585.70
933.47,640.88,585.31
933.88,640.29,586.83
934.36,639.40,584.41
936.14,641.46,583.70
934.72,646.94,608.00
936.45,642.84,583.31
944.99,640.24,584.22
936.16,640.68,587.80
932.01,641.93,584.84
937.29,644.20,584.29
934.39,641.50,584.69
939.75,642.44,585.53
934.45,643.70,590.19
933.66,640.77,584.64
937.61,639.52,586.92
934.35,639.38,586.12
936.90,640.52,601.15
933.85,638.53,584.99
935.79,640.18,584.25
936.72,641.20,585.88
937.14,641.37,585.00
935.45,650.75,586.23
935.65,645.42,585.17
935.71,642.00,585.70
933.49,640.64,586.81
938.43,639.93,585.32
933.28,662.47,585.13
933.77,639.95,583.92
935.40,642.38,584.88
934.43,639.07,586.48
934.28,638.04,584.10
945.17,640.49,584.20
932.85,649.41,583.89
934.68,644.46,589.04
932.89,645.13,586.22
931.58,650.91,583.37
931.01,638.72,583.70
932.44,638.63,585.64
932.20,638.82,583.79
931.54,636.33,583.49
951.72,637.85,582.70
927.94,637.79,582.83
929.81,637.98,580.90
931.86,640.32,582.61
930.06,640.93,582.46
929.41,637.37,581.63
931.40,636.97,583.79
929.26,637.99,582.84
932.40,635.64,582.41
927.99,637.71,581.24
930.08,636.46,583.16
928.35,637.07,584.08
929.61,636.43,586.22
928.32,638.14,595.07
929.49,637.88,586.05
930.12,638.61,579.90
928.67,634.94,583.09
929.11,638.01,582.42
927.03,636.26,583.02
929.59,642.54,584.25
929.89,636.24,583.73
929.69,638.00,580.12
933.01,637.02,582.77
933.07,638.85,583.59
933.70,638.58,583.37
931.15,636.43,582.92
941.88,638.73,581.92
933.06,638.69,585.10
931.43,651.34,581.57
931.45,641.70,582.92
934.98,640.11,583.09
935.47,640.24,583.02
932.26,638.13,582.30
935.12,636.63,582.80
934.14,638.67,584.87
932.19,637.67,582.41
950.40,640.09,584.85
933.84,640.35,585.23
936.93,639.91,583.31
944.60,639.40,583.24
935.89,639.15,583.57
938.37,640.30,585.17
935.22,642.98,582.58
936.00,641.02,583.60
937.39,640.60,584.33
932.66,648.47,584.42
934.04,640.73,597.95
935.36,642.38,585.26
935.16,640.62,586.63
935.61,640.51,591.87
935.86,641.00,585.48
934.44,639.86,585.56
937.28,639.94,586.89
935.29,640.30,585.38
936.14,641.57,585.40
937.67,639.66,586.34
937.61,641.58,586.33
937.61,643.63,586.65
954.74,642.52,587.12
937.99,642.70,586.95
939.96,641.63,587.65
937.93,643.21,586.14
938.23,642.42,587.15
939.58,640.95,585.23
939.06,642.17,590.76
941.82,642.62,586.55
939.28,644.08,587.47
941.05,643.00,584.84
938.27,642.06,585.03
939.25,641.86,585.65
938.71,643.77,586.78
938.47,643.74,586.46
937.59,643.34,585.07
939.79,644.77,588.17
938.92,640.44,586.07
940.79,642.15,586.03
942.25,641.83,588.18
939.99,641.74,586.99
938.72,642.35,588.44
938.14,641.25,587.06
940.07,642.94,588.55
939.00,645.79,585.55
939.82,644.83,588.19
952.98,694.35,585.69
937.48,641.67,589.38
940.54,640.95,586.65
939.91,642.44,587.09
943.69,643.51,586.12
942.23,642.88,586.63
941.85,642.20,586.75
942.08,644.67,586.88
940.88,651.93,590.77
940.72,643.53,587.26
939.52,642.97,587.23
940.20,643.51,584.93
942.93,643.42,587.60
941.58,642.83,588.42
944.89,645.41,588.36
943.80,642.74,586.10
944.01,643.41,587.37
952.30,644.30,586.67
943.53,643.93,589.76
942.54,646.26,586.18
939.94,642.63,586.00
942.13,642.99,588.35
938.77,645.61,584.99
943.36,643.52,587.02
942.68,646.02,590.39
939.75,643.15,589.83
940.69,653.70,588.05
943.11,643.66,585.51
940.50,644.45,585.20
940.49,642.96,586.27
943.42,645.01,585.06
940.42,644.20,587.97
940.85,645.80,587.19
940.16,643.85,588.52
940.06,641.60,589.04
939.82,644.38,587.26
941.36,644.19,586.82
941.55,645.59,586.44
939.05,641.56,586.08
942.22,642.37,586.81
938.91,641.63,587.86
940.16,642.50,586.75
937.36,641.44,585.88
941.05,642.24,586.10
938.86,643.85,586.97
939.97,643.40,590.31
939.31,641.75,587.78
941.02,642.08,586.06
938.21,643.19,587.27
940.91,646.93,586.31
939.47,646.20,586.54
939.32,643.25,587.77
941.52,642.77,586.83
939.73,642.56,587.53
937.36,643.19,588.64
937.50,644.82,586.77
942.14,643.31,585.06
939.59,642.09,586.50
940.76,640.32,588.26
938.01,641.62,587.91
938.75,642.94,587.13
938.48,651.08,586.90
939.00,642.24,586.33
939.72,641.11,595.53
937.76,641.97,585.24
941.45,643.77,585.11
938.21,642.50,587.16
937.53,641.23,583.53
938.86,642.82,587.01
938.65,642.59,587.47
938.70,640.64,588.74
936.76,642.22,585.56
941.05,643.02,585.37
938.13,640.74,583.92
938.39,641.62,586.82
942.59,641.94,583.64
935.88,642.97,583.98
937.89,637.85,587.60
937.25,641.46,588.59
940.68,643.29,587.48
937.59,641.15,589.30
939.88,643.13,585.40
937.75,641.34,598.15
936.77,643.73,588.87
941.71,641.06,585.47
938.75,642.25,586.88
938.23,643.37,587.72
941.74,640.39,587.59
939.75,639.24,586.47
936.28,659.85,586.42
936.52,643.33,587.74
936.28,640.66,586.04
944.64,642.32,583.82
946.88,643.03,586.03
938.46,642.33,586.29
939.26,643.19,584.11
939.90,640.52,593.80
939.26,640.45,589.16
940.16,643.15,584.41
939.09,641.53,586.66
938.42,644.38,589.09
937.38,642.02,587.39
938.43,643.43,585.96
940.90,644.24,587.46
936.35,644.06,586.81
941.14,645.23,587.56
939.26,640.83,587.51
939.16,642.20,589.33
936.91,644.01,585.69
938.23,642.22,586.68
938.90,641.74,587.95
940.56,642.84,587.56
939.10,644.68,589.85
936.85,643.18,588.49
938.08,641.33,587.91
940.48,648.99,586.63
938.53,642.63,585.94
941.22,643.18,587.34
939.42,642.88,584.58
939.73,640.70,586.65
940.71,641.12,587.57
937.31,641.49,586.71
941.73,643.75,586.17
938.11,641.90,585.83
936.80,642.65,587.52
938.27,641.17,585.68
939.75,649.93,587.10
937.80,642.27,586.50
940.64,642.77,587.32
940.03,644.20,585.63
940.23,642.51,587.32
938.28,641.78,585.91
938.91,642.57,586.48
940.05,641.73,594.87
941.87,644.74,588.03
941.36,642.35,587.48
942.66,643.93,586.29
941.24,644.36,587.39
943.80,642.66,588.55
939.74,646.25,588.99
944.59,644.92,587.99
942.90,643.90,587.53
944.68,646.37,587.37
944.66,644.35,589.79
940.58,646.84,589.97
943.20,643.44,587.83
942.91,646.79,593.53
944.77,642.10,592.83
959.45,642.66,588.23
942.90,644.43,588.33
941.27,645.58,588.72
947.10,645.54,591.67
945.20,646.38,591.50
944.50,645.78,590.37
946.28,645.55,589.52
944.92,646.43,587.27
955.14,653.98,593.23
949.73,646.03,588.76
947.26,653.23,590.79
944.74,647.05,591.19
959.27,647.16,591.96
946.70,649.84,591.58
947.84,648.14,593.89
947.37,645.60,590.28
955.60,647.54,591.61
949.58,653.01,595.29
948.00,646.60,589.68
948.11,647.50,600.32
948.48,649.17,592.19
949.00,648.07,591.14
946.30,647.18,588.69
947.95,647.55,589.86
949.27,646.19,593.86
951.90,649.24,594.63
951.25,648.34,591.79
948.92,647.79,595.31
946.35,648.61,591.67
950.90,648.49,592.84
949.87,655.98,591.57
950.12,651.25,592.09
950.56,649.88,593.76
951.00,651.32,595.54
950.73,647.08,596.15
951.90,649.60,591.33
950.60,647.74,592.65
950.50,648.70,593.70
950.71,650.46,592.59
950.25,648.27,592.38
950.56,647.73,594.53
951.40,647.43,595.45
950.36,647.37,591.68
949.00,648.99,590.47
950.24,648.76,591.32
948.40,648.87,617.49
953.70,650.13,595.36
950.19,647.54,592.01
948.82,648.08,592.09
949.57,647.61,590.69
951.33,648.36,593.24
949.03,646.82,593.46
948.55,650.80,591.30
948.37,646.03,592.92
948.62,647.22,591.55
948.67,649.11,591.69
952.45,644.68,592.10
948.50,647.50,597.28
963.24,647.20,593.26
947.73,647.31,591.95
950.54,647.77,592.48
949.23,648.06,592.75
948.44,672.28,592.76
956.89,646.79,591.32
946.95,649.03,590.59
948.90,647.91,603.88
951.26,649.41,591.62
951.53,646.67,591.20
948.85,648.10,593.43
949.53,647.18,594.52
946.33,646.28,591.03
948.97,650.19,593.57
950.33,648.20,592.76
949.21,647.26,590.59
948.55,651.61,590.44
949.21,648.97,591.15
947.79,648.23,590.30
948.23,648.05,592.76
948.87,649.48,592.75
951.34,647.50,592.35
949.45,650.13,592.97
950.54,649.24,589.62
950.81,648.27,594.99
951.29,650.72,591.70
949.41,647.35,601.36
950.50,652.90,590.74
950.74,647.96,591.54
952.41,648.05,595.24
952.42,650.68,594.59
952.57,650.01,596.00
954.25,650.75,594.79
957.24,652.85,592.99
953.77,650.31,595.58
953.25,651.39,594.32
955.83,651.73,592.51
953.17,649.88,596.78
956.54,650.65,593.32
953.63,652.67,601.91
958.45,651.79,601.94
959.00,651.08,596.71
957.41,652.16,595.22
954.51,652.12,593.50
957.25,658.67,594.91
957.45,654.46,595.87
957.89,654.59,594.60
956.33,652.37,596.97
958.79,651.07,593.84
957.24,667.66,597.31
968.25,654.17,595.64
959.50,653.81,596.97
958.69,653.24,596.66
962.74,656.10,595.70
959.09,653.93,597.77
963.57,656.49,599.70
961.10,656.04,597.33
963.10,654.40,598.89
958.97,654.36,597.30
960.82,657.64,597.96
963.45,661.62,596.58
961.62,656.01,600.00
965.53,657.20,599.51
961.98,657.61,596.75
963.36,656.43,602.47
974.86,656.81,603.87
961.99,656.16,601.18
962.80,654.49,595.28
963.26,657.60,596.58
963.86,656.20,598.31
962.81,656.95,598.15
964.55,657.40,596.61
963.07,661.20,599.27
966.22,656.70,598.27
965.55,655.12,597.90
967.34,659.59,598.63
963.05,657.36,603.65
968.52,658.69,599.88
963.19,656.77,598.84
966.74,657.05,600.90
968.50,658.15,599.15
967.08,657.47,601.05
993.49,658.64,601.28
965.97,657.08,597.55
967.76,659.74,601.88
966.97,657.39,600.46
964.96,660.13,601.89
965.73,658.65,602.07
968.45,655.73,600.86
966.46,660.34,600.44
966.62,659.09,612.67
966.00,658.01,605.57
967.20,657.34,597.49
967.60,656.41,601.69
967.72,660.86,600.31
968.81,656.73,600.25
969.11,659.13,618.73
970.15,670.70,598.14
968.77,663.51,601.13
966.99,659.51,602.74
969.34,661.09,601.72
968.62,659.83,605.24
970.63,660.76,602.90
970.74,662.58,601.36
972.28,660.04,603.62
970.90,660.01,603.05
983.42,659.00,600.83
971.32,659.65,600.84
972.08,662.44,602.30
972.17,665.85,604.64
969.34,661.61,603.89
971.54,660.67,600.88
971.52,660.86,604.06
972.90,660.89,604.05
971.45,659.63,600.92
972.10,660.54,601.69
975.04,660.16,602.92
973.61,660.97,603.92
974.41,663.36,603.14
972.68,664.79,603.15
972.78,662.43,603.39
974.67,663.08,601.71
973.24,663.67,603.20
973.25,659.99,603.31
972.93,659.85,603.96
974.21,664.77,602.38
975.50,662.46,602.17
976.30,660.53,601.04
977.76,660.15,601.04
976.33,662.72,603.24
977.24,661.23,604.39
973.90,661.10,603.48
977.25,661.96,600.86
974.67,660.79,604.40
979.35,659.99,602.29
979.14,663.11,603.58
977.64,662.24,602.44
976.41,664.92,604.70
974.60,664.78,604.32
975.52,663.29,602.63
977.19,662.68,615.40
976.98,661.89,601.82
986.09,665.04,600.40
977.03,675.63,604.08
977.78,663.29,603.95
973.49,662.20,603.23
976.11,660.92,601.50
976.47,662.58,605.91
977.12,663.19,604.59
974.93,663.70,605.37
977.63,664.57,603.38
977.61,663.92,604.86
975.93,662.23,602.79
979.31,662.25,605.65
973.71,663.35,606.55
978.51,665.67,602.86
977.82,663.52,605.63
978.33,664.45,605.23
978.73,663.46,605.00
978.61,664.77,607.12
982.15,665.50,604.27
977.67,666.55,605.37
979.93,664.42,605.46
980.17,665.47,605.71
983.64,664.30,604.12
989.15,665.77,605.95
982.78,666.79,604.67
981.89,666.48,606.12
982.45,666.41,611.77
983.42,666.82,607.18
985.62,667.50,608.15
982.16,668.47,609.83
986.07,667.31,608.37
985.11,670.18,609.56
984.78,669.75,607.42
986.30,665.17,607.07
987.06,667.51,610.34
992.02,666.95,608.84
987.90,669.64,610.61
990.23,670.71,607.15
986.48,668.08,607.05
987.34,668.73,609.77
990.94,671.02,611.04
989.66,671.70,610.13
989.60,671.16,609.49
990.69,668.02,610.95
990.08,670.57,609.85
988.86,669.76,610.33
990.99,670.87,609.47
992.15,671.22,607.83
990.19,677.28,611.68
989.38,669.06,609.16
988.94,671.11,609.24
991.73,669.68,610.81
990.46,672.35,612.80
993.49,672.42,609.09
997.81,671.35,613.04
991.50,672.45,609.52
993.11,671.17,610.58
993.77,672.71,612.40
993.84,671.30,610.70
992.18,670.67,612.02
995.95,672.56,611.16
995.03,672.74,610.43
996.04,678.55,620.87
992.58,670.94,612.28
995.91,676.18,612.95
996.69,672.92,613.40
1003.51,671.99,611.72
998.22,674.05,612.52
998.97,676.62,612.40
994.26,675.93,611.81
996.16,683.74,613.52
997.58,674.71,612.97
1004.38,674.58,616.88
998.03,673.09,614.96
1001.12,675.03,616.59
999.04,675.29,617.51
999.44,677.15,613.73
999.06,675.93,614.79
998.49,676.78,615.26
1001.76,674.70,615.18
1005.21,675.45,616.95
1003.14,676.73,617.22
1003.33,678.17,616.02
1001.99,676.02,619.20
1004.86,678.00,620.84
1008.66,675.46,618.13
1006.55,677.21,618.99
1005.63,678.37,617.72
1008.05,678.79,617.42
1006.26,680.56,619.25
1010.77,679.07,619.23
1007.90,679.47,617.53
1008.94,678.86,618.97
1009.41,681.75,621.72
1009.47,679.26,621.44
1011.98,678.87,620.52
1010.09,680.13,622.19
1008.80,679.87,619.18
1012.28,682.29,622.77
1011.75,682.36,619.86
1023.01,688.15,620.93
1012.19,681.57,620.37
1012.01,684.20,622.16
1013.75,681.64,624.60
1013.96,682.64,619.24
1014.55,681.13,620.24
1013.13,683.81,621.44
1014.93,683.91,622.13
1014.21,683.13,629.09
1012.95,683.30,625.53
1016.31,682.92,623.40
1019.62,683.99,626.59
1016.01,690.30,621.96
1015.07,686.58,624.05
1019.06,685.49,623.20
1017.97,686.03,624.37
1015.60,684.92,621.34
1018.27,686.72,624.25
1019.40,682.90,622.72
1026.55,683.57,625.59
1018.92,684.21,624.18
1017.56,684.08,624.41
1019.81,686.87,624.51
1016.10,685.50,624.53
1018.60,687.06,625.20
1020.05,685.19,624.23
1021.00,684.83,624.66
1020.85,684.47,622.73
1033.38,685.85,622.81
1020.62,689.88,622.20
1020.50,687.55,638.55
1020.29,684.61,622.72
1019.62,686.66,623.71
1021.65,686.79,630.86
1022.28,686.05,624.45
1022.89,686.88,625.17
1022.67,686.82,626.68
1020.36,689.60,625.13
1018.83,687.92,624.58
1019.59,685.45,622.82
1020.19,685.74,622.87
1020.78,687.29,628.44
1021.57,686.26,628.73
1025.02,686.61,626.06
1021.83,689.65,625.43
1022.17,688.12,624.56
1020.63,688.55,626.69
1020.71,685.98,624.75
1021.71,689.21,626.87
1025.87,687.75,627.09
1022.62,687.29,624.56
1021.84,684.66,622.14
1023.44,685.85,625.08
1021.21,686.95,625.56
1022.29,687.00,624.95
1023.41,686.07,624.89
1020.81,687.86,634.92
1020.44,686.79,623.59
1022.13,686.97,625.30
1022.23,686.23,623.76
1022.06,688.23,624.69
1021.57,687.63,628.69
1020.52,684.84,623.00
1021.14,686.09,622.80
1020.58,687.35,625.13
1020.66,685.12,626.01
1024.15,685.84,625.24
1021.86,686.23,624.37
1023.04,685.18,627.57
1022.92,688.12,625.03
1021.11,684.57,625.43
1032.26,693.89,624.64
1021.81,687.65,622.54
1020.65,686.43,628.56
1022.31,689.38,626.20
1022.05,686.46,625.91
1021.56,688.72,623.70
1020.96,687.11,624.47
1023.36,686.57,623.57
1022.02,689.47,624.60
1021.60,688.73,623.11
1023.88,685.42,624.46
1021.49,686.22,625.02
1022.60,687.56,624.40
1023.64,688.66,624.84
1023.20,687.41,623.75
1023.98,689.20,626.98
1024.59,688.31,629.87
1024.03,687.88,624.85
1023.78,687.71,626.97
1025.23,688.98,623.83
1028.64,688.34,624.67
1026.79,690.27,627.29
1026.05,689.90,627.08
1025.91,689.25,639.56
1025.24,688.09,625.63
1027.69,690.23,624.74
1028.13,689.17,627.68
1027.22,689.86,626.81
1025.89,689.57,625.53
1029.43,688.61,624.95
1029.55,690.54,638.23
1028.46,690.54,626.87
1028.94,689.31,626.57
1027.49,690.89,638.12
1029.16,691.04,629.17
1030.55,690.51,625.30
1030.15,689.26,627.13
1028.65,690.70,627.95
1031.97,691.63,628.25
1030.06,691.09,627.00
1029.90,693.40,626.74
1029.27,692.25,629.61
1032.70,692.82,628.26
1030.15,689.85,628.05
1033.07,691.82,628.71
1031.17,689.78,627.68
1032.87,690.84,643.92
1032.43,692.55,629.89
1032.08,692.66,639.35
1032.35,694.42,628.55
1032.28,693.29,628.23
1034.25,693.03,630.08
1032.44,693.08,646.03
1034.39,723.11,630.04
1034.05,693.03,629.07
1037.46,694.60,628.44
1033.76,693.76,631.98
1033.20,696.73,630.93
1035.78,693.33,633.33
1036.00,695.62,631.07
1036.06,693.84,630.43
1035.24,692.43,630.89
1036.52,695.40,637.99
1038.85,696.36,632.95
1038.56,692.48,630.59
1037.82,695.82,630.19
1039.00,696.42,630.88
1039.21,692.23,632.49
1037.58,700.21,633.82
1043.90,697.39,632.46
1039.11,694.90,634.81
1039.31,695.09,632.96
1042.60,698.91,641.91
1040.29,695.50,633.25
1042.18,695.68,632.45
1041.33,696.84,633.00
1041.12,700.76,633.67
1042.83,697.97,634.75
1040.51,696.15,634.16
1046.52,696.66,632.94
1044.96,695.79,631.53
1042.32,714.09,636.11
1040.98,698.58,633.85
1043.59,700.09,635.13
1043.38,697.57,634.46
1043.30,699.28,634.40
1046.38,698.52,635.12
1045.71,697.69,635.77
1043.56,699.92,635.61
1046.98,701.66,636.06
1048.64,699.42,652.51
1048.02,699.76,636.20
1047.79,708.88,636.83
1046.23,700.82,635.11
1050.08,698.85,635.71
1050.16,701.14,636.34
1048.20,700.97,635.51
1051.15,703.35,655.12
1048.80,700.64,635.39
1050.65,701.62,639.99
1051.48,700.52,636.75
1047.93,700.12,636.82
1049.03,700.62,636.54
1053.11,701.33,637.97
1050.47,702.48,636.06
1066.87,701.74,636.86
1053.08,705.68,640.43
1052.28,702.90,639.07
1050.89,701.31,637.35
1052.57,703.78,647.89
1050.89,703.75,645.09
1053.42,703.81,638.30
1051.93,702.40,638.46
1055.51,703.80,637.54
1063.83,703.43,640.49
1056.31,703.08,638.68
1055.29,702.48,639.09
1055.89,704.30,647.20
1053.76,701.97,639.72
1051.57,705.59,640.58
1053.55,702.02,639.90
1067.89,704.23,640.76
1052.30,705.96,641.65
1054.08,702.87,643.52
1053.91,703.34,660.40
1058.07,705.73,639.66
1053.60,704.64,639.60
1053.63,705.60,639.75
1054.17,706.42,639.26
1053.20,761.91,639.69
1054.04,703.30,642.20
1055.93,704.01,639.34
1051.70,703.17,642.72
1052.48,701.93,639.40
1056.57,704.80,638.60
1054.40,705.34,640.90
1053.95,706.37,639.85
1054.45,704.83,642.62
1057.41,704.32,639.24
1055.90,704.51,639.85
1056.32,705.18,638.35
1056.32,706.83,642.11
1055.68,706.80,642.26
1057.15,706.67,641.14
1058.65,707.89,641.45
1058.19,707.29,643.05
1060.43,706.66,640.81
1058.04,707.61,641.00
1062.74,707.64,644.34
1061.76,708.36,643.42
1059.04,706.56,645.15
1062.22,709.61,642.89
1062.60,708.97,642.46
1064.61,708.37,644.68
1064.67,710.32,642.58
1065.27,710.42,646.10
1063.51,709.09,643.26
1063.22,706.70,644.12
1061.04,707.66,644.17
1062.27,707.34,645.12
1067.71,711.94,646.31
1064.20,708.47,645.99
1064.15,710.93,644.79
1067.45,711.07,644.97
1063.40,709.55,644.89
1066.94,709.52,645.23
1066.87,708.89,647.62
1065.37,709.65,645.47
1068.01,709.96,643.69
1066.99,711.62,646.59
1077.12,713.38,645.96
1067.60,712.62,647.39
1067.92,710.16,644.39
1068.76,711.58,645.29
1067.18,711.60,644.37
1068.75,710.79,646.68
1070.35,710.96,645.06
1067.65,711.55,644.61
1070.59,712.53,646.34
1070.91,710.04,645.68
1071.23,711.70,649.52
1072.86,713.05,650.29
1072.85,713.82,649.70
1073.17,715.11,647.39
1074.72,714.63,648.11
1074.75,715.59,652.97
1074.11,713.42,646.68
1076.63,714.84,647.77
1077.97,717.83,649.22
1075.32,715.08,647.92
1078.34,713.58,647.10
1077.25,714.01,671.01
1078.34,717.64,649.28
1078.40,714.67,648.55
1074.97,714.37,649.21
1078.64,716.58,651.20
1080.05,716.28,651.09
1078.97,716.10,649.91
1080.92,718.40,652.52
1081.16,718.46,650.33
1081.26,719.95,650.61
1083.22,722.09,651.08
1083.39,719.01,652.89
1083.97,723.22,651.30
1083.57,719.05,653.31
1083.05,720.57,652.26
1084.52,719.93,653.31
1089.22,723.15,651.99
1086.16,723.75,656.31
1084.75,723.60,653.56
1095.34,720.81,654.81
1088.89,724.54,660.93
1087.88,723.44,652.93
1090.67,723.26,655.08
1088.95,720.66,657.19
1091.10,722.37,657.95
1089.14,721.67,655.01
1089.25,723.73,654.80
1091.32,721.03,655.60
1088.27,723.46,655.17
1090.82,722.72,655.67
1104.81,722.97,658.06
1089.90,722.08,655.53
1088.60,725.06,656.40
1092.05,724.66,658.28
1089.17,722.74,656.65
1090.14,722.14,656.11
1092.55,722.69,656.95
1106.19,723.55,655.05
1091.58,725.97,657.71
1092.40,722.25,657.04
1093.08,725.05,658.35
1093.21,722.99,656.90
1093.61,728.37,658.50
1092.76,725.44,659.47
1099.82,725.70,659.30
1094.52,724.79,657.48
1090.36,723.94,658.33
1091.76,724.94,657.56
1096.06,725.50,659.58
1092.69,725.60,661.17
1095.27,726.43,661.07
1097.31,725.65,658.02
1095.31,724.75,658.95
1094.53,724.36,659.92
1095.34,724.82,655.60
1095.59,727.47,657.35
1097.79,728.81,661.35
1095.78,727.83,659.03
1112.33,726.21,658.52
1095.62,726.94,657.38
1096.14,730.04,660.35
1097.86,727.52,658.70
1099.57,728.21,658.85
1096.39,726.01,662.06
1097.69,733.56,660.23
1100.01,727.35,658.44
1098.63,729.23,663.10
1098.57,729.05,661.33
1101.20,729.76,659.31
1100.69,730.23,661.45
1098.31,729.76,662.06
1101.43,732.27,660.03
1101.10,727.86,661.93
1099.29,728.76,662.12
1099.18,731.37,664.63
1100.49,729.89,662.39
1102.83,758.12,661.56
1101.75,730.93,666.14
1102.51,730.00,664.14
1103.02,732.04,663.36
1099.18,732.59,663.47
1103.65,729.91,662.32
1102.90,729.77,662.56
1103.01,729.50,662.93
1106.01,730.01,663.25
1104.64,728.55,663.26
1104.04,731.69,662.39
1108.01,734.99,666.97
1104.91,734.61,666.36
1106.75,732.85,664.74
1107.89,734.52,665.86
1108.00,734.17,663.86
1112.28,732.45,663.95
1109.67,733.07,663.53
1132.28,734.08,665.29
1109.32,734.71,667.13
1110.36,736.10,664.73
1116.46,735.47,666.50
1111.31,736.29,668.41
1112.74,737.80,664.54
1113.29,737.24,664.66
1118.24,737.63,668.14
1116.12,737.36,666.50
1115.80,738.22,668.96
1116.36,737.99,671.18
1115.30,740.27,667.29
1117.79,738.80,669.48
1117.38,739.16,669.24
1120.82,740.27,669.23
1116.37,742.54,669.75
1115.54,742.67,670.53
1120.57,737.66,668.96
1119.36,741.38,671.29
1119.67,739.89,671.44
1118.81,743.33,670.32
1121.52,741.36,669.12
1129.81,742.57,671.12
1119.49,741.23,670.15
1122.48,745.64,673.24
1122.02,739.88,674.08
1125.93,741.02,672.14
1122.61,747.30,672.28
1123.16,742.37,672.19
1131.05,742.92,674.04
1127.27,741.11,671.12
1123.72,741.08,672.13
1125.80,741.78,672.78
1124.74,741.63,675.13
1127.40,742.25,671.54
1124.50,743.51,672.60
1124.31,745.74,672.22
1123.20,743.06,672.60
1127.46,743.97,672.30
1128.23,742.62,672.82
1129.15,744.18,674.28
1133.98,741.63,672.34
1128.14,743.91,672.51
1129.31,745.93,672.93
1126.84,745.41,676.73
1126.81,744.33,673.93
1129.62,746.97,674.83
1129.30,745.18,672.15
1129.39,744.96,674.34
1143.85,745.41,672.76
1129.31,744.22,674.44
1129.75,744.85,675.42
1133.52,745.41,676.27
1129.61,742.71,673.66
1131.73,745.23,687.34
1130.26,745.38,673.54
1130.05,747.46,673.27
1129.39,746.09,678.76
1130.35,748.07,679.55
1131.96,746.60,675.35
1131.53,744.31,674.14
1129.95,748.11,677.10
1134.49,745.72,678.78
1128.72,771.05,684.19
1131.14,746.61,676.85
1131.52,747.75,678.52
1128.44,748.15,677.21
1134.03,748.80,674.06
1131.97,750.78,676.52
1129.52,746.36,675.46
1134.71,745.98,674.62
1131.76,748.41,675.09
1131.74,744.97,675.33
1131.42,742.90,677.01
1128.94,743.55,675.02
1131.55,747.38,673.37
1131.91,749.97,677.27
1132.10,745.24,677.24
1144.70,748.46,676.79
1130.40,745.62,681.17
1128.68,745.78,673.64
1129.79,744.05,674.77
1130.53,747.24,673.63
1128.30,747.67,680.39
1131.78,745.55,672.90
1129.93,747.58,675.21
1129.72,746.50,674.39
1130.89,746.61,673.60
1131.83,745.36,675.42
1129.11,744.58,673.22
1127.89,745.86,679.88
1128.38,746.71,674.41
1128.60,743.71,673.70
1128.12,750.17,672.87
1128.04,747.79,670.96
1129.78,743.94,670.83
1129.12,746.77,672.70
1126.91,745.13,672.61
1128.60,745.56,673.14
1128.45,745.71,673.59
1129.60,744.62,672.75
1127.53,742.07,673.22
1127.83,744.01,672.10
1128.89,745.73,671.04
1125.55,741.65,672.29
1127.17,743.77,673.39
1126.71,744.34,672.36
1128.28,743.20,671.94
1126.56,743.14,671.34
1125.93,742.98,671.12
1124.87,740.68,672.61
1122.87,740.93,671.58
1125.59,741.72,679.79
1124.98,742.67,668.71
1131.38,743.40,671.72
1123.51,742.18,670.47
1124.26,743.08,670.26
1123.80,755.85,671.02
1123.56,744.61,668.31
1124.38,740.96,674.12
1122.35,745.13,672.00
1127.82,744.89,670.30
1125.46,741.91,673.56
1122.92,743.54,669.80
1120.21,739.23,669.97
1123.05,742.47,670.03
1122.64,741.26,668.66
1120.03,743.45,669.06
1121.33,741.06,669.26
1121.11,739.27,669.77
1122.00,739.54,669.77
1121.27,742.81,672.34
1119.58,740.11,669.07
1119.62,739.93,669.37
1123.10,739.30,667.33
1123.86,737.02,669.89
1119.59,745.81,668.54
1118.86,738.19,667.05
1116.23,737.95,667.21
1115.81,737.86,669.22
1129.81,739.92,667.89
1115.39,741.14,674.36
1114.33,738.70,667.94
1114.71,740.05,665.59
1117.74,736.22,667.96
1115.28,736.26,665.52
1114.31,734.29,665.37
1110.17,734.64,666.62
1115.44,748.12,666.47
1110.33,732.92,668.70
1110.38,734.85,663.22
1110.90,734.89,665.07
1109.38,734.47,663.04
1107.22,734.38,663.37
1106.12,732.64,661.64
1105.81,736.25,661.33
1104.18,731.60,661.74
1102.57,731.53,660.81
1102.18,730.69,662.62
1101.49,731.29,660.41
1114.28,730.33,658.59
1101.11,728.57,659.97
1099.11,729.15,656.87
1098.61,731.28,660.11
1096.15,727.32,658.73
1092.34,725.17,657.86
1094.41,724.24,655.40
1093.65,724.98,656.52
1093.74,725.25,656.23
1089.91,724.17,653.26
1093.03,724.93,656.84
1088.64,723.37,654.76
1087.63,723.90,653.80
1086.56,720.50,652.49
1085.79,720.62,652.90
1082.31,720.52,652.66
1082.59,718.94,650.79
1081.15,717.42,658.58
1080.84,718.82,649.46
1079.99,717.97,649.80
1075.02,715.61,649.57
1074.67,717.07,648.89
1075.57,717.03,649.90
1072.73,713.63,646.62
1069.68,712.36,646.74
1070.66,712.74,646.95
1066.79,712.16,642.94
1066.51,710.19,644.32
1064.17,720.00,642.85
1064.75,709.33,640.27
1060.22,705.43,643.67
1058.35,715.80,638.62
1056.84,706.01,638.16
1051.63,703.67,637.08
1052.12,703.79,639.05
1049.80,700.93,635.33
1050.70,699.60,642.95
1046.67,700.93,633.74
1045.86,696.90,643.53
1044.53,695.16,642.16
1041.48,707.87,631.41
1039.14,696.31,630.06
1033.73,692.13,626.96
1036.09,690.03,634.06
1030.87,690.60,626.32
1026.88,690.49,624.49
1024.12,685.38,622.32
1024.39,684.43,620.88
1031.60,685.00,617.24
1017.13,682.10,617.22
1011.64,681.59,616.56
1008.41,676.60,614.79
1010.70,675.08,611.69
1010.06,674.26,611.94
1001.74,671.65,610.12
1000.58,668.44,622.39
994.07,670.69,608.37
991.98,665.42,604.47
995.54,664.24,602.29
983.66,662.55,603.61
981.62,659.00,600.35
978.62,675.51,599.12
972.21,657.32,596.37
967.60,652.96,594.48
965.90,652.57,594.23
959.30,652.42,592.07
957.47,653.00,589.03
955.12,645.24,587.69
948.51,643.95,584.53
943.17,640.86,582.66
943.25,640.37,581.82
936.55,637.48,579.76
937.80,635.25,576.74
928.88,632.41,574.85
922.92,630.18,574.16
917.98,625.83,572.39
915.77,625.12,570.46
912.49,622.68,568.59
905.32,619.58,565.73
900.20,617.82,561.99
898.62,617.85,563.86
894.17,611.46,558.77
888.38,612.94,558.24
883.94,609.11,556.19
879.05,605.56,553.22
874.94,602.96,551.85
873.30,607.20,549.47
864.34,599.78,549.98
863.77,594.24,548.70
858.41,593.43,542.55
856.27,593.55,539.09
849.46,588.39,538.29
845.31,587.32,537.34
840.26,586.71,533.00
838.17,583.98,531.57
832.34,580.99,529.88
827.05,578.78,527.25
823.59,574.93,523.11
818.85,574.46,521.84
812.94,566.81,520.86
813.51,564.34,517.73
806.46,563.26,515.80
802.94,561.48,511.75
