# R,G,B per-pixel gain multiplier
18.337110,20.860821,24.789755
17.916048,20.156142,23.850038
17.461523,19.414303,22.989191
16.843957,18.477632,21.811132
16.182764,17.656529,20.632797
15.386091,16.729220,19.363272
14.537460,15.738798,18.115271
13.689305,14.668546,16.865634
12.736090,13.673411,15.677212
11.790978,12.540170,14.401918
10.844260,11.438684,13.097067
9.708473,10.305870,11.771928
8.663617,9.177046,10.481484
7.652956,8.077040,9.232625
6.674780,7.046030,8.013615
5.810600,6.100048,6.862428
5.055718,5.334072,5.875515
4.466166,4.744087,5.097565
4.003574,4.240855,4.503497
3.583341,3.789499,4.026823
3.233641,3.445966,3.609876
2.963990,3.141346,3.269524
2.724017,2.886025,2.975847
2.502726,2.669376,2.731248
2.338400,2.489258,2.522798
2.190812,2.328465,2.348481
2.062943,2.196091,2.191127
1.956872,2.076898,2.067058
1.862067,1.993302,1.961588
1.783274,1.899940,1.871746
1.726338,1.824840,1.796383
1.657989,1.768015,1.733622
1.616134,1.709290,1.691432
1.571230,1.667968,1.649233
1.531870,1.635181,1.622231
1.503372,1.603907,1.595309
1.474826,1.578967,1.574583
1.451626,1.550327,1.560335
1.435808,1.532242,1.541122
1.419449,1.518531,1.528181
1.407348,1.509959,1.515393
1.402558,1.494499,1.504837
1.391613,1.483615,1.493220
1.384443,1.473384,1.481238
1.374179,1.463347,1.472933
1.369510,1.452363,1.465200
1.363090,1.446356,1.460689
1.350946,1.442869,1.498316
1.347059,1.438051,1.494255
1.342632,1.423836,1.432658
1.336073,1.419426,1.425731
1.331562,1.414323,1.416959
1.323944,1.405432,1.412141
1.319507,1.398898,1.410647
1.312526,1.393465,1.401847
1.309301,1.385989,1.388220
1.305027,1.382609,1.381925
1.297171,1.374550,1.373793
1.290615,1.366646,1.363453
1.284994,1.361400,1.358149
1.280699,1.356987,1.353920
1.276126,1.348925,1.346520
1.263691,1.344224,1.336047
1.255759,1.327835,1.328997
1.255070,1.328033,1.319899
1.246833,1.317806,1.310232
1.240287,1.312681,1.301556
1.231294,1.302441,1.299178
1.226456,1.295533,1.288424
1.223327,1.288765,1.283408
1.217922,1.276954,1.276362
1.210811,1.275359,1.267044
1.204960,1.268623,1.264052
1.202484,1.263476,1.261684
1.196281,1.255855,1.253797
1.195079,1.256149,1.249491
1.192394,1.247241,1.248399
1.187792,1.242236,1.240951
1.184846,1.239612,1.234396
1.179706,1.233568,1.232845
1.177152,1.230882,1.228364
1.172864,1.230191,1.226809
1.171977,1.223088,1.224007
1.166013,1.224287,1.219382
1.167687,1.214690,1.214353
1.159368,1.216082,1.210652
1.158104,1.212672,1.210840
1.156385,1.211754,1.203738
1.155681,1.202067,1.206247
1.151027,1.201680,1.201195
1.149044,1.198219,1.198254
1.145491,1.192865,1.194985
1.142938,1.189949,1.194020
1.134822,1.188695,1.192550
1.132105,1.186729,1.188872
1.129943,1.183933,1.184109
1.125127,1.177510,1.181175
1.123725,1.177095,1.179763
1.124690,1.173946,1.177690
1.124058,1.172624,1.172777
1.116493,1.168456,1.181334
1.117434,1.165230,1.170435
1.116107,1.160643,1.162805
1.112791,1.158898,1.161466
1.110987,1.159345,1.160320
1.103822,1.155719,1.160339
1.101645,1.154929,1.155640
1.108722,1.152959,1.154136
1.101462,1.146744,1.154004
1.100472,1.143947,1.151174
1.093967,1.145066,1.146403
1.092800,1.146175,1.145665
1.097565,1.139958,1.144900
1.093437,1.142050,1.139937
1.087028,1.138490,1.143306
1.089361,1.138314,1.141177
1.087173,1.134482,1.138764
1.084897,1.131938,1.139872
1.088004,1.131432,1.136770
1.077923,1.128856,1.135336
1.078390,1.130136,1.134883
1.080222,1.128772,1.131412
1.078146,1.131728,1.127574
1.074941,1.120590,1.128972
1.073432,1.118426,1.125428
1.072222,1.118326,1.123045
1.073343,1.123326,1.124119
1.070262,1.114305,1.126019
1.061194,1.117601,1.123842
1.068026,1.113935,1.119146
1.072663,1.114073,1.119895
1.066948,1.109745,1.116318
1.066397,1.110066,1.115156
1.063848,1.110047,1.112797
1.067263,1.109481,1.109749
1.061710,1.107531,1.111450
1.062612,1.107636,1.110908
1.062562,1.107031,1.109651
1.062262,1.102312,1.106908
1.056285,1.102709,1.108439
1.055838,1.101184,1.107183
1.057899,1.101367,1.101762
1.057394,1.098781,1.099779
1.056023,1.097139,1.098822
1.055834,1.096565,1.099805
1.050857,1.094382,1.099506
1.055783,1.093615,1.102789
1.054146,1.091431,1.097800
1.051539,1.093769,1.097533
1.050810,1.088357,1.093347
1.048682,1.093410,1.092086
1.048541,1.090662,1.089682
1.047020,1.087061,1.090833
1.046514,1.087068,1.089884
1.045130,1.085027,1.089291
1.044250,1.081254,1.089900
1.043017,1.081671,1.090152
1.043949,1.085786,1.088672
1.042868,1.084593,1.087439
1.041874,1.083709,1.086277
1.042171,1.079801,1.087325
1.038832,1.080488,1.085550
1.036635,1.078238,1.082325
1.039661,1.077207,1.083484
1.039786,1.079191,1.083032
1.037459,1.074902,1.082855
1.039244,1.086751,1.080187
1.040403,1.071359,1.080732
1.041900,1.075662,1.079292
1.039327,1.071082,1.081584
1.034593,1.070829,1.077726
1.037433,1.072511,1.077667
1.032889,1.070537,1.078344
1.034712,1.070262,1.077359
1.031603,1.068663,1.076741
1.032160,1.069472,1.076909
1.034638,1.070734,1.077096
1.032291,1.065792,1.074955
1.036138,1.068226,1.076746
1.032850,1.069117,1.071081
1.033390,1.065208,1.072297
1.029907,1.065227,1.071747
1.027791,1.066037,1.073183
1.028130,1.063185,1.071057
1.028539,1.067678,1.069598
1.027598,1.063073,1.069998
1.030842,1.061147,1.067352
1.026952,1.067160,1.065998
1.027632,1.058578,1.064810
1.031182,1.059515,1.061707
1.029057,1.058516,1.061353
1.032210,1.059471,1.063392
1.029278,1.056474,1.061081
1.028342,1.054075,1.061791
1.025116,1.055028,1.058354
1.025006,1.054041,1.071271
1.022876,1.056309,1.058089
1.024278,1.049883,1.057797
1.022818,1.052241,1.060798
1.021781,1.053048,1.055307
1.021165,1.054105,1.055736
1.023210,1.050221,1.054259
1.018931,1.051437,1.055344
1.024357,1.049135,1.056509
1.019811,1.054574,1.056359
1.019450,1.051874,1.055384
1.017374,1.045453,1.052664
1.018595,1.048732,1.051018
1.016573,1.043701,1.048667
1.020344,1.042914,1.050388
1.018529,1.044457,1.048978
1.017889,1.045239,1.051804
1.018964,1.045970,1.047976
1.019514,1.044454,1.047590
1.016631,1.041871,1.048303
1.016266,1.043373,1.046099
1.015239,1.042109,1.044796
1.016203,1.046050,1.047593
1.017216,1.041479,1.046242
1.015390,1.041948,1.050142
1.014905,1.040476,1.043403
1.015367,1.038136,1.044067
1.017687,1.042168,1.041448
1.018855,1.039638,1.044270
1.016790,1.038352,1.041817
1.015249,1.043268,1.044116
1.015212,1.037724,1.042714
1.014132,1.038259,1.042475
1.012574,1.036103,1.043483
1.013699,1.035499,1.042929
1.010922,1.036048,1.040670
1.009570,1.038497,1.043340
1.009371,1.035342,1.042238
1.012909,1.036408,1.041570
1.014588,1.036937,1.039471
1.012995,1.035910,1.040380
1.009619,1.035758,1.037106
1.014834,1.033328,1.038342
1.012270,1.032793,1.037094
1.012535,1.034766,1.038620
1.013019,1.032196,1.038117
1.012755,1.033624,1.037536
1.010900,1.034573,1.039060
1.006428,1.032279,1.038357
1.009771,1.033720,1.042557
1.009326,1.033784,1.038729
1.008337,1.035461,1.037479
1.009549,1.036313,1.034628
1.008810,1.034496,1.036105
1.008114,1.026527,1.031908
1.005552,1.030048,1.034060
1.013477,1.029879,1.032788
1.007327,1.031228,1.032464
1.007931,1.029150,1.033662
1.006898,1.028907,1.028786
1.009754,1.025355,1.027608
1.009739,1.028433,1.029340
1.009184,1.023309,1.025368
1.010121,1.025437,1.026658
1.009673,1.023996,1.025731
1.011661,1.022555,1.027182
1.010876,1.020454,1.028970
1.008403,1.024864,1.025594
1.008170,1.022862,1.024192
1.008290,1.023478,1.024820
1.005803,1.021804,1.024468
1.007339,1.023064,1.028695
1.008954,1.022744,1.025515
1.008270,1.026351,1.025161
1.005197,1.020797,1.025804
1.005895,1.023495,1.024029
1.004818,1.017594,1.021050
1.008907,1.019496,1.025296
1.004202,1.022055,1.025624
1.003185,1.022830,1.023730
1.007077,1.021006,1.022897
1.006765,1.018121,1.024197
1.004522,1.016007,1.023228
1.012413,1.017933,1.019606
1.010963,1.017456,1.020149
1.006124,1.018619,1.022234
1.006547,1.020358,1.024677
1.009290,1.018142,1.023168
1.006619,1.016242,1.019344
1.004849,1.011895,1.020469
1.005357,1.013646,1.020678
1.004533,1.020296,1.019257
1.006815,1.015575,1.021553
1.002836,1.017412,1.017885
1.008479,1.018020,1.018018
1.007359,1.016204,1.017131
1.004675,1.015382,1.018147
1.005407,1.017719,1.017213
1.007301,1.014117,1.015252
1.004054,1.012758,1.018756
1.006496,1.015437,1.016788
1.008439,1.012982,1.016709
1.007035,1.017195,1.014659
1.006358,1.013425,1.015689
1.003445,1.017033,1.016240
1.005856,1.012646,1.016501
1.007373,1.015677,1.013766
1.006219,1.014932,1.016174
1.010671,1.009955,1.012738
1.004912,1.013655,1.014626
1.009567,1.010722,1.015235
1.008190,1.013819,1.014053
1.010371,1.015525,1.016854
1.007914,1.016602,1.017274
1.010411,1.015211,1.014426
1.011368,1.016669,1.016840
1.011148,1.017596,1.018587
1.015684,1.015591,1.016278
1.012020,1.020519,1.016539
1.017209,1.018634,1.018441
1.019257,1.018399,1.021722
1.018659,1.026769,1.023039
1.019055,1.021812,1.023047
1.017228,1.023233,1.022522
1.016550,1.023242,1.024774
1.017522,1.020710,1.025526
1.015400,1.028027,1.023770
1.020525,1.022553,1.025627
1.020680,1.023297,1.023523
1.018374,1.021828,1.023647
1.021008,1.020348,1.023848
1.025532,1.024729,1.026821
1.030842,1.031825,1.026283
1.038103,1.038932,1.028170
1.044203,1.043275,1.026347
1.040924,1.046908,1.028316
1.042605,1.049818,1.028466
1.046661,1.046850,1.025934
1.045005,1.049546,1.031116
1.043041,1.047956,1.026845
1.046528,1.048989,1.026847
1.046449,1.053628,1.027684
1.047464,1.049477,1.027315
1.048050,1.049740,1.028104
1.048472,1.052391,1.026035
1.052348,1.053678,1.027993
1.051997,1.056679,1.028784
1.053876,1.051876,1.027285
1.051716,1.044325,1.027472
1.045732,1.042157,1.030045
1.042541,1.032012,1.031145
1.032933,1.031456,1.031400
1.031482,1.027571,1.033508
1.033360,1.030507,1.031720
1.035305,1.030875,1.031067
1.035192,1.033491,1.033963
1.038459,1.032683,1.033119
1.040634,1.030578,1.034587
1.037723,1.033285,1.033131
1.039892,1.033994,1.033247
1.038753,1.032618,1.032240
1.037948,1.033598,1.034684
1.035607,1.033162,1.033135
1.033446,1.032097,1.034229
1.037475,1.033399,1.035226
1.037584,1.035102,1.036734
1.034628,1.039174,1.035502
1.038578,1.038223,1.038636
1.036379,1.035806,1.039703
1.034626,1.035449,1.036560
1.037802,1.035608,1.036518
1.038467,1.034384,1.034680
1.036560,1.035581,1.037358
1.038246,1.037446,1.037895
1.037500,1.037080,1.039026
1.039209,1.034358,1.034709
1.038092,1.033877,1.036346
1.040197,1.036327,1.038875
1.039484,1.034434,1.037140
1.041449,1.040341,1.036062
1.041594,1.038284,1.041941
1.043939,1.039578,1.037564
1.041350,1.035317,1.041598
1.042187,1.040594,1.038880
1.040920,1.036924,1.039284
1.041104,1.035540,1.041600
1.043258,1.041912,1.039263
1.045580,1.041382,1.040122
1.046016,1.038956,1.040933
1.045913,1.039050,1.038556
1.044220,1.042287,1.037948
1.043854,1.035913,1.038565
1.045007,1.037561,1.036341
1.043886,1.042240,1.038691
1.046626,1.040367,1.037267
1.045156,1.042791,1.039497
1.046070,1.042558,1.040264
1.047320,1.041588,1.043000
1.046602,1.041087,1.041133
1.048410,1.038876,1.044484
1.046328,1.045717,1.043012
1.049202,1.041847,1.042771
1.048131,1.043388,1.043181
1.049163,1.039210,1.043697
1.050011,1.043722,1.039645
1.049519,1.042066,1.042795
1.051074,1.044241,1.043719
1.049757,1.042658,1.044641
1.053442,1.044608,1.044303
1.050704,1.045876,1.041829
1.050920,1.045649,1.043800
1.051753,1.043246,1.044661
1.050353,1.044434,1.042381
1.048506,1.040138,1.043483
1.048808,1.043198,1.039746
1.053401,1.042070,1.042890
1.047540,1.041970,1.042694
1.048636,1.043117,1.041114
1.049509,1.046979,1.040037
1.050308,1.042464,1.041924
1.051013,1.043571,1.041327
1.054513,1.044306,1.040170
1.053292,1.044698,1.040820
1.055000,1.041911,1.038343
1.054002,1.045485,1.040276
1.053258,1.039294,1.038783
1.049275,1.045070,1.039030
1.055174,1.041772,1.043505
1.056189,1.038590,1.039942
1.056530,1.042106,1.041436
1.052091,1.039517,1.042121
1.051418,1.042490,1.040873
1.051015,1.042783,1.038202
1.050566,1.041762,1.041610
1.045820,1.039388,1.039861
1.049702,1.038916,1.037824
1.047371,1.042955,1.041271
1.050592,1.040017,1.039611
1.047860,1.037903,1.037906
1.048917,1.041986,1.038868
1.046362,1.038615,1.038992
1.052754,1.040184,1.036888
1.047116,1.038637,1.039438
1.050174,1.038626,1.037674
1.046665,1.040374,1.036921
1.046923,1.039069,1.036714
1.048198,1.040299,1.038067
1.044614,1.036446,1.037263
1.048139,1.037189,1.035512
1.049563,1.038832,1.036246
1.045857,1.038757,1.039357
1.046883,1.037426,1.034948
1.045122,1.035941,1.035343
1.047009,1.035958,1.034680
1.046037,1.038499,1.033331
1.046234,1.038005,1.035015
1.041594,1.035539,1.034417
1.044078,1.034883,1.033620
1.044921,1.032493,1.034310
1.046988,1.033430,1.034081
1.046915,1.031954,1.033286
1.047622,1.034943,1.035537
1.043991,1.031826,1.036162
1.045352,1.031375,1.031998
1.042124,1.029958,1.032956
1.045059,1.030337,1.030755
1.045714,1.034906,1.033907
1.042859,1.033541,1.031666
1.042655,1.030469,1.031932
1.042234,1.027388,1.035078
1.040064,1.028814,1.033163
1.038517,1.036686,1.031930
1.038638,1.029534,1.031345
1.039019,1.034210,1.028377
1.039217,1.029807,1.028375
1.038671,1.031819,1.031464
1.039660,1.028498,1.029127
1.042291,1.030317,1.031327
1.042738,1.026152,1.027151
1.041253,1.030493,1.028155
1.037351,1.024531,1.023450
1.040567,1.024929,1.027429
1.037421,1.022783,1.023461
1.037104,1.022234,1.023044
1.040190,1.018413,1.020772
1.036972,1.019239,1.021477
1.032662,1.017639,1.016601
1.033842,1.018755,1.017510
1.037553,1.018931,1.016500
1.035774,1.019100,1.016003
1.031945,1.013914,1.013158
1.030213,1.014120,1.013413
1.023939,1.010880,1.014262
1.025608,1.014059,1.012756
1.021917,1.011130,1.012491
1.026603,1.012321,1.011551
1.023753,1.011027,1.013571
1.024396,1.015448,1.012820
1.020587,1.012102,1.012863
1.022699,1.010137,1.012250
1.020247,1.011625,1.010167
1.021754,1.011012,1.011745
1.018288,1.013252,1.009422
1.019899,1.011318,1.010903
1.025351,1.011201,1.010954
1.021499,1.009763,1.012421
1.017360,1.008719,1.006341
1.020374,1.011324,1.008106
1.021247,1.009208,1.009768
1.023111,1.009751,1.008825
1.017086,1.006775,1.007299
1.019592,1.008900,1.008822
1.019075,1.008645,1.008822
1.023342,1.006242,1.008669
1.018554,1.007525,1.007964
1.022876,1.001766,1.005569
1.019149,1.007607,1.008249
1.019904,1.007500,1.004992
1.022266,1.006225,1.004601
1.017729,1.006176,1.007738
1.019471,1.004171,1.006922
1.017405,1.003598,1.006993
1.018593,1.005268,1.007282
1.019734,1.004312,1.007309
1.020337,1.006963,1.003000
1.020924,1.006557,1.006969
1.016979,1.003374,1.004196
1.018112,1.003891,1.002467
1.019660,1.001969,1.004546
1.021843,1.004766,1.002315
1.017198,1.005677,1.003836
1.021689,1.002229,1.006554
1.018520,1.004457,1.002940
1.017380,1.000445,1.004421
1.018770,1.006010,1.000789
1.017298,1.002877,1.002819
1.018878,1.003635,1.005459
1.019596,1.001439,1.001928
1.017585,1.001655,1.003195
1.015700,1.000046,0.999178
1.016752,0.999462,1.000523
1.016328,0.998606,1.001725
1.015184,1.001253,1.000918
1.019034,1.001440,1.003211
1.015027,1.001051,0.996839
1.018036,1.002048,1.000724
1.015135,1.001365,0.999654
1.019487,0.995386,1.000761
1.014442,0.996622,1.000952
1.013792,0.999826,1.001762
1.012866,0.998993,1.002893
1.015590,1.000547,0.997989
1.014265,0.997070,0.999998
1.012395,1.007252,1.001967
1.009042,1.005092,1.003071
1.013652,1.005520,1.004110
1.013304,1.004403,1.006819
1.013293,1.004220,1.007323
1.017160,1.002033,1.010883
1.012322,1.000873,1.015313
1.014611,1.001201,1.014465
1.014125,1.002083,1.015304
1.011650,1.000534,1.016419
1.012234,1.002364,1.015365
1.011182,1.002016,1.013076
1.014558,1.000291,1.014197
1.012037,1.006337,1.009331
1.013449,1.004578,1.007218
1.012690,1.001861,1.002559
1.012944,1.000979,0.999388
1.012287,0.996840,0.994948
1.013159,0.997485,0.991814
1.010405,0.996399,0.994311
1.012177,0.997935,0.994566
1.008610,0.993487,0.995636
1.012846,0.996212,0.994870
1.012053,0.994639,0.996018
1.008317,0.994061,0.994460
1.009495,0.994032,0.996638
1.009127,0.994138,0.994263
1.011145,0.993325,0.993256
1.009661,0.995950,0.994568
1.007757,0.991898,0.994184
1.009732,0.996232,0.994628
1.012569,0.993354,0.994448
1.012609,0.995476,0.993586
1.011835,0.998268,0.992657
1.011758,0.993589,0.992068
1.007120,0.993180,0.991977
1.012380,0.993345,0.993888
1.008934,0.992329,0.991558
1.009735,0.991405,0.992220
1.007304,0.992640,0.989636
1.009132,0.994482,0.991351
1.007007,0.995295,0.992732
1.006993,0.992772,0.991035
1.006071,0.992493,0.990999
1.006775,0.990110,0.989420
1.006725,0.994899,0.987252
1.010208,0.992807,0.989855
1.010428,0.989790,0.989483
1.010760,0.990759,0.990779
1.008523,0.990038,0.990345
1.007540,0.996070,0.990318
1.007521,0.991441,0.986758
1.006690,0.986025,0.989322
1.009596,0.991831,0.989181
1.006935,0.994785,0.989975
1.005890,0.991801,0.987305
1.003682,0.988639,0.987086
1.009260,0.988881,0.987348
1.006551,0.988719,0.991239
1.005826,0.990327,0.986070
1.006017,0.989040,0.988092
1.005560,0.988443,0.990794
1.006416,0.992091,0.989696
1.000482,0.989547,0.987712
1.006305,0.990347,0.988331
1.002887,0.987925,0.988980
1.005540,0.989395,0.986831
1.008096,0.988463,0.988664
1.007840,0.991326,0.989104
1.006200,0.989313,0.987297
1.008642,0.988475,0.989940
1.005526,0.987783,0.988120
1.005965,0.990256,0.986214
1.007554,0.988252,0.986271
1.008297,0.990331,0.988534
1.009503,0.988894,0.985599
1.008982,0.989216,0.989329
1.010216,0.987068,0.987916
1.008976,0.986422,0.985861
1.006098,0.989859,0.987049
1.007213,0.988152,0.986363
1.004333,0.988382,0.989135
1.007145,0.985976,0.986206
1.004590,0.988755,0.987732
1.005152,0.986939,0.985738
1.007113,0.985414,0.987323
1.005810,0.986894,0.983099
1.006024,0.985775,0.984928
1.007465,0.983982,0.987428
1.007573,0.986065,0.986198
1.006626,0.986047,0.986469
1.002856,0.982473,0.985453
1.005879,0.983287,0.986595
1.003123,0.980501,0.986289
1.012408,0.984856,0.988317
1.005035,0.985190,0.985442
1.005557,0.984323,0.987261
1.002230,0.984115,0.984868
1.006659,0.984564,0.984119
1.004965,0.983211,0.984324
1.006015,0.983685,0.984334
1.004946,0.982856,0.983103
1.007760,0.986007,0.985350
1.008431,0.982776,0.985363
1.007316,0.982703,0.984837
1.002064,0.980398,0.985244
1.004407,0.983052,0.986431
1.005802,0.982695,0.983316
1.004013,0.981397,0.984911
1.005437,0.979478,0.982755
1.006580,0.981921,0.984355
1.002275,0.981007,0.984235
1.003078,0.977205,0.983805
1.002398,0.983081,0.984244
1.002119,0.980956,0.983715
1.001862,0.978420,0.983669
1.004096,0.982707,0.986195
0.999891,0.981637,0.985072
1.000515,0.979435,0.983606
0.999237,0.985121,0.984460
1.003193,0.982146,0.982721
1.003387,0.982669,0.985285
1.005093,0.981628,0.985993
1.003747,0.982821,0.982990
1.005498,0.981678,0.985611
1.004949,0.980079,0.985211
1.006969,0.982795,0.983002
1.001311,0.982881,0.985163
1.000712,0.978621,0.986021
1.001860,0.980891,0.984044
1.001339,0.982326,0.985089
1.000812,0.977984,0.983632
1.005048,0.979957,0.984826
1.001188,0.978068,0.982005
1.003071,0.980750,0.980720
1.000795,0.981860,0.981102
1.001480,0.978072,0.983587
1.002246,0.978665,0.982277
1.003909,0.980045,0.984816
1.002411,0.980015,0.982067
1.000666,0.977955,0.981671
1.000654,0.980591,0.981402
1.000255,0.980017,0.982654
1.002940,0.978129,0.981786
1.001313,0.978081,0.980299
1.001823,0.977724,0.979542
1.001819,0.977176,0.983080
1.000669,0.978730,0.981753
1.000029,0.979228,0.981976
0.998357,0.979302,0.981524
0.999270,0.976400,0.981108
0.998924,0.980133,0.983094
0.999083,0.981028,0.981442
1.001001,0.977478,0.983634
1.003219,0.978651,0.981493
1.001047,0.974849,0.981677
1.003575,0.976409,0.980434
1.000034,0.974596,0.979814
1.000843,0.974985,0.981531
0.999924,0.977579,0.978396
0.998650,0.976333,0.979954
0.999492,0.975599,0.980129
1.002461,0.974943,0.982234
0.998489,0.976406,0.981046
1.000723,0.979868,0.979366
0.996479,0.976346,0.981178
0.998005,0.977415,0.979061
1.001241,0.976661,0.978269
0.998046,0.978898,0.980306
0.998973,0.976620,0.980214
1.000235,0.976772,0.977470
0.997983,0.977942,0.978445
0.998470,0.974018,0.979135
0.997849,0.979281,0.979692
0.999267,0.976460,0.979115
1.001052,0.978046,0.977561
1.003019,0.972821,0.978001
0.997717,0.975857,0.979242
0.998496,0.975403,0.978788
0.997172,0.976754,0.978014
1.002723,0.977264,0.978665
0.997255,0.976162,0.978213
1.000115,0.973397,0.974183
0.994311,0.972365,0.976170
0.997844,0.974586,0.973217
0.997657,0.976145,0.977001
0.997196,0.977189,0.979539
0.997583,0.973553,0.980591
0.996710,0.974644,0.983685
0.998869,0.972280,0.988518
0.995108,0.973489,0.995508
0.996982,0.973144,1.007452
0.995462,0.974305,1.012776
0.994577,0.971364,1.017357
0.998881,0.969888,1.021212
0.997532,0.972306,1.019664
0.999371,0.972758,1.015921
0.995061,0.972734,1.011460
0.995813,0.970340,1.007507
0.996736,0.971701,0.998506
0.997192,0.972364,0.996001
0.996320,0.969173,0.989282
0.995328,0.972061,0.982944
0.997616,0.968950,0.981385
0.996510,0.972695,0.976545
0.997180,0.972475,0.971772
0.997607,0.972645,0.973115
0.994607,0.971505,0.973063
0.995223,0.971814,0.972297
0.999539,0.974428,0.972455
0.996150,0.969936,0.974882
0.999133,0.972325,0.975416
0.995707,0.972430,0.973715
0.990071,0.969878,0.976426
0.995571,0.975003,0.972790
0.996750,0.972892,0.973598
0.995619,0.974309,0.974174
0.994728,0.971344,0.971970
0.995366,0.970752,0.974629
0.993863,0.971743,0.974600
0.993348,0.972771,0.974071
0.996159,0.970274,0.973783
0.992541,0.971082,0.971810
0.992099,0.972017,0.972404
0.997958,0.970440,0.971163
0.991049,0.968524,0.967449
0.993499,0.968501,0.970309
0.991180,0.970832,0.968599
0.992933,0.969639,0.972358
0.996016,0.970977,0.970856
0.996008,0.971213,0.971341
0.992301,0.964994,0.971216
0.993103,0.968468,0.971408
0.995468,0.967062,0.972491
0.992116,0.969906,0.968337
0.991662,0.967440,0.971248
0.990634,0.967221,0.969588
0.996014,0.970900,0.968652
0.992135,0.970253,0.968242
0.994065,0.968454,0.969614
0.994797,0.969061,0.971128
0.992573,0.965645,0.970823
0.991434,0.968137,0.971357
0.993854,0.965412,0.968885
0.993657,0.966367,0.968911
0.991667,0.965232,0.970666
0.993102,0.964831,0.967969
0.993913,0.965782,0.971108
0.991214,0.963329,0.968644
0.991932,0.968128,0.968048
0.992227,0.967125,0.967296
0.992126,0.965865,0.964681
0.994526,0.965848,0.967109
0.991294,0.964207,0.968526
0.994192,0.965525,0.967765
0.990135,0.965583,0.967475
0.991543,0.966091,0.964130
0.991257,0.966166,0.965833
0.990234,0.965315,0.966593
0.991854,0.964487,0.965074
0.992204,0.964066,0.967494
0.992337,0.962468,0.964238
0.992235,0.965312,0.968787
0.991804,0.964230,0.967484
0.992375,0.965636,0.966470
0.992213,0.964095,0.965562
0.988500,0.965317,0.964418
0.988417,0.965903,0.963620
0.987782,0.960416,0.962723
0.991138,0.961906,0.965972
0.992392,0.964460,0.963558
0.993741,0.965901,0.965613
0.991591,0.962479,0.965112
0.990956,0.963891,0.963271
0.990864,0.963570,0.966522
0.991058,0.960066,0.963714
0.992616,0.964156,0.963117
0.992219,0.962142,0.965132
0.989444,0.964401,0.965716
0.987476,0.961970,0.964989
0.984280,0.961039,0.965546
0.987290,0.960930,0.963429
0.991723,0.958478,0.964006
0.987050,0.958880,0.965864
0.989027,0.961660,0.962293
0.989064,0.960690,0.965222
0.990017,0.964504,0.965651
0.985988,0.964356,0.962622
0.986043,0.961220,0.963761
0.990252,0.961373,0.963401
0.986716,0.962963,0.963215
0.987086,0.959996,0.963036
0.984780,0.957945,0.964315
0.988317,0.960621,0.963880
0.990126,0.959506,0.964392
0.985510,0.956012,0.960817
0.984455,0.956390,0.964044
0.982072,0.960398,0.962106
0.986490,0.957877,0.962167
0.983994,0.960708,0.961402
0.984397,0.959086,0.965533
0.985197,0.958738,0.961395
0.982887,0.959774,0.961460
0.983350,0.956652,0.962288
0.982901,0.958688,0.962878
0.982166,0.955217,0.961159
0.983040,0.960714,0.960655
0.985928,0.957145,0.960125
0.985759,0.959096,0.962003
0.986567,0.960234,0.960302
0.985904,0.962888,0.959137
0.985131,0.957473,0.960637
0.984063,0.961158,0.960595
0.984902,0.957103,0.961023
0.984803,0.960397,0.962042
0.984801,0.958340,0.960367
0.984491,0.959405,0.960618
0.983835,0.955545,0.957160
0.985945,0.957679,0.961144
0.986244,0.955720,0.958890
0.987030,0.959261,0.958883
0.984641,0.958696,0.957646
0.987504,0.959137,0.959107
0.983291,0.956350,0.960479
0.983540,0.958431,0.962216
0.984104,0.955293,0.958697
0.983692,0.958836,0.956823
0.986778,0.956070,0.959943
0.985203,0.958652,0.957902
0.983244,0.958467,0.961423
0.984187,0.958906,0.957910
0.982749,0.956181,0.960533
0.982324,0.958138,0.959603
0.981277,0.958199,0.959865
0.985185,0.956212,0.959123
0.982879,0.959848,0.957233
0.983961,0.959175,0.957483
0.983939,0.958151,0.957013
0.981038,0.955170,0.958886
0.985275,0.956097,0.959912
0.984281,0.956971,0.959746
0.981195,0.954958,0.956095
0.983143,0.955914,0.958631
0.984047,0.955296,0.957404
0.985879,0.955881,0.956758
0.983918,0.955771,0.958090
0.981308,0.955239,0.957411
0.981169,0.953921,0.954146
0.984005,0.955633,0.957365
0.981048,0.953620,0.956604
0.985336,0.954184,0.958358
0.982388,0.956340,0.958334
0.981710,0.952268,0.956108
0.980579,0.952940,0.954870
0.981556,0.956888,0.956340
0.981355,0.953731,0.955731
0.982696,0.955014,0.956285
0.982386,0.956318,0.955324
0.984898,0.955453,0.957259
0.981603,0.951917,0.953545
0.982787,0.953242,0.955878
0.980321,0.951625,0.954668
0.984635,0.953545,0.953610
0.983591,0.954711,0.956387
0.981308,0.951933,0.955047
0.980827,0.953005,0.954043
0.982917,0.958565,0.953975
0.979854,0.950042,0.950449
0.982589,0.952109,0.953408
0.978149,0.951314,0.951081
0.983115,0.949632,0.952676
0.980710,0.953044,0.951798
0.982813,0.951889,0.952740
0.980951,0.949505,0.951577
0.981730,0.951763,0.949826
0.982995,0.952309,0.950060
0.980556,0.949840,0.951293
0.980413,0.949959,0.948493
0.977933,0.951105,0.949716
0.980220,0.952847,0.952373
0.980804,0.948967,0.952823
0.980579,0.951405,0.951327
0.979521,0.947633,0.954181
0.977855,0.949200,0.949678
0.979536,0.949937,0.951786
0.981185,0.947320,0.950127
0.981597,0.951221,0.951230
0.983120,0.948473,0.949927
0.979857,0.947964,0.951244
0.977628,0.949266,0.950459
0.973366,0.950265,0.947815
0.979434,0.947954,0.947759
0.977010,0.949096,0.951126
0.981777,0.944785,0.946110
0.980753,0.946778,0.950901
0.983873,0.945911,0.947430
0.983387,0.950113,0.950336
0.979922,0.948964,0.947655
0.979579,0.947582,0.947790
0.977664,0.945109,0.946981
0.977540,0.946100,0.945011
0.976576,0.945135,0.946904
0.981136,0.946618,0.945693
0.980130,0.945247,0.945530
0.977549,0.947651,0.950074
0.975687,0.946459,0.951566
0.975974,0.945464,0.951824
0.980334,0.947490,0.950921
0.975977,0.945964,0.949186
0.978052,0.945617,0.949242
0.977552,0.948995,0.950200
0.976441,0.948695,0.948518
0.978553,0.948520,0.949204
0.975782,0.945611,0.948416
0.978386,0.947721,0.946987
0.974454,0.946375,0.948474
0.975739,0.946959,0.950440
0.975520,0.943963,0.947462
0.979884,0.946470,0.951587
0.977649,0.944629,0.949034
0.977657,0.948084,0.945398
0.974508,0.938798,0.945426
0.975315,0.945220,0.942944
0.972818,0.938188,0.942585
0.975043,0.943144,0.942577
0.977239,0.942970,0.942586
0.974152,0.945466,0.944125
0.975124,0.940645,0.942902
0.972651,0.943121,0.945630
0.972554,0.941547,0.943617
0.976050,0.941481,0.947676
0.974799,0.944339,0.942635
0.977854,0.940828,0.944195
0.976775,0.942769,0.943948
0.977552,0.943649,0.942160
0.976889,0.944510,0.940656
0.975448,0.942585,0.941572
0.978088,0.944608,0.941423
0.978340,0.939046,0.943655
0.975892,0.944632,0.941538
0.978975,0.941620,0.943569
0.975515,0.937939,0.941543
0.978277,0.941217,0.941610
0.974857,0.941009,0.940397
0.976610,0.942200,0.941460
0.975447,0.938217,0.937968
0.979938,0.940862,0.939315
0.974746,0.937145,0.940497
0.975596,0.936465,0.939833
0.974336,0.942714,0.940853
0.974007,0.940426,0.940214
0.975978,0.938772,0.938686
0.971131,0.940828,0.941294
0.972857,0.936910,0.941817
0.976840,0.939588,0.940540
0.977757,0.936173,0.939237
0.973591,0.941745,0.939323
0.973129,0.936859,0.940369
0.976161,0.942495,0.939344
0.972963,0.936925,0.942138
0.974540,0.942191,0.939496
0.971720,0.940444,0.939206
0.975523,0.942387,0.939121
0.973603,0.934704,0.937469
0.976538,0.938244,0.939306
0.972358,0.939016,0.938496
0.974993,0.937954,0.939638
0.971691,0.940998,0.937154
0.977210,0.939355,0.940961
0.976050,0.938407,0.937410
0.975004,0.939349,0.938076
0.974043,0.936806,0.937668
0.976800,0.938817,0.937060
0.974564,0.940403,0.936744
0.974390,0.936886,0.937326
0.973835,0.938688,0.936010
0.977974,0.932781,0.936284
0.974908,0.939622,0.935902
0.975562,0.940119,0.937310
0.973110,0.936645,0.938295
0.972324,0.936165,0.936232
0.969160,0.938539,0.934654
0.967595,0.936353,0.936863
0.973129,0.935234,0.934656
0.973992,0.936080,0.937066
0.973643,0.935528,0.935927
0.972704,0.936198,0.934772
0.971532,0.932533,0.936681
0.972524,0.936419,0.937410
0.972412,0.938232,0.934497
0.975845,0.935285,0.937655
0.971820,0.933169,0.937590
0.976482,0.936376,0.935737
0.971834,0.936520,0.937154
0.975189,0.935729,0.935726
0.974527,0.932837,0.936518
0.975175,0.937576,0.934948
0.974754,0.932796,0.933916
0.975125,0.936503,0.933571
0.972127,0.935060,0.933013
0.972031,0.935766,0.932710
0.968899,0.933590,0.934358
0.968146,0.936109,0.933136
0.967837,0.934914,0.931799
0.970726,0.933008,0.932490
0.970286,0.930850,0.930501
0.972863,0.934245,0.931513
0.972586,0.929440,0.932012
0.971529,0.934959,0.933668
0.972597,0.933577,0.931864
0.967730,0.931280,0.931613
0.971656,0.931093,0.931980
0.971030,0.932416,0.932781
0.972453,0.932387,0.931058
0.974653,0.933442,0.931195
0.972680,0.930249,0.931074
0.973303,0.933442,0.930278
0.973641,0.931250,0.931765
0.972708,0.930548,0.930558
0.971172,0.929075,0.929284
0.974459,0.929508,0.928232
0.968409,0.929562,0.930938
0.971928,0.928695,0.933494
0.971589,0.933975,0.931301
0.972294,0.931849,0.929743
0.968654,0.930691,0.929669
0.972327,0.934573,0.930218
0.968252,0.929373,0.929516
0.968261,0.931372,0.928966
0.969047,0.929504,0.932336
0.971390,0.928488,0.931588
0.970467,0.927232,0.931952
0.971061,0.930065,0.930659
0.973584,0.929594,0.928853
0.976071,0.925856,0.931371
0.975643,0.932158,0.927842
0.973010,0.929384,0.930918
0.975006,0.928191,0.930724
0.973612,0.927760,0.929712
0.973572,0.929621,0.929135
0.972007,0.929293,0.928774
0.966139,0.927267,0.929730
0.967022,0.926412,0.928997
0.969269,0.924530,0.927298
0.976958,0.928787,0.930692
0.970912,0.927001,0.927646
0.973519,0.926626,0.929002
0.971318,0.928442,0.926370
0.968660,0.930753,0.928751
0.966279,0.927506,0.926947
0.968863,0.925585,0.926411
0.964745,0.928375,0.927617
0.971060,0.926985,0.925605
0.968194,0.926113,0.928141
0.969307,0.926552,0.927816
0.969362,0.925837,0.926958
0.968200,0.925814,0.926357
0.969500,0.928065,0.928108
0.968158,0.927792,0.929819
0.965976,0.926318,0.926516
0.967808,0.926968,0.925964
0.970086,0.922829,0.925652
0.967894,0.927189,0.928272
0.970061,0.926774,0.925939
0.967888,0.925337,0.927498
0.967387,0.925524,0.927699
0.970026,0.926614,0.926892
0.963571,0.927213,0.926314
0.968585,0.928177,0.927296
0.966447,0.925152,0.926393
0.969682,0.926510,0.928012
0.962444,0.925807,0.928449
0.967120,0.925969,0.925986
0.967034,0.922187,0.927025
0.966429,0.924499,0.925358
0.965048,0.926644,0.924855
0.967755,0.927912,0.927874
0.968325,0.924221,0.925879
0.969447,0.924539,0.923509
0.965155,0.925723,0.925276
0.968858,0.926306,0.924559
0.966254,0.923571,0.923985
0.961901,0.926860,0.926945
0.961001,0.927985,0.923712
0.966674,0.923969,0.928355
0.967604,0.925197,0.926336
0.968394,0.924224,0.926271
0.968293,0.925816,0.924646
0.968193,0.921832,0.927781
0.961617,0.924778,0.925830
0.967935,0.926056,0.926343
0.965127,0.925336,0.926962
0.962827,0.925224,0.930313
0.961608,0.919487,0.926625
0.964840,0.926082,0.927740
0.964428,0.917784,0.928023
0.968396,0.921558,0.925076
0.966865,0.925905,0.924047
0.965982,0.924328,0.926137
0.964878,0.923266,0.926113
0.968154,0.924122,0.928406
0.967308,0.922763,0.924624
0.962796,0.922232,0.926008
0.962720,0.923149,0.922012
0.965268,0.924064,0.927232
0.962005,0.924724,0.926394
0.962882,0.920779,0.925906
0.964959,0.922504,0.926782
0.969610,0.923317,0.927016
0.972325,0.919733,0.924813
0.976646,0.924869,0.930957
0.978484,0.924322,0.926723
0.984564,0.930857,0.932288
0.992255,0.936263,0.931999
0.990896,0.941312,0.934706
0.991880,0.946193,0.938221
0.994513,0.950253,0.943565
0.996426,0.954058,0.945843
0.997806,0.959306,0.949898
0.996526,0.957354,0.952218
1.000598,0.959519,0.952901
0.998926,0.960466,0.955156
1.003284,0.962096,0.957467
1.003019,0.966940,0.962449
1.005359,0.967898,0.965300
1.003015,0.969246,0.965647
1.006284,0.970024,0.972142
1.006192,0.970477,0.971594
1.010285,0.974337,0.972453
1.008111,0.975838,0.973273
1.012947,0.975359,0.975718
1.010843,0.976293,0.976945
1.016510,0.979150,0.977182
1.017189,0.982822,0.976926
1.019659,0.983552,0.980127
1.017741,0.983246,0.978602
1.019083,0.984739,0.984006
1.015021,0.984931,0.981288
1.018164,0.987363,0.981795
1.016264,0.984366,0.982961
1.018268,0.986484,0.986275
1.013780,0.983830,0.987879
1.019318,0.981582,0.988231
1.018443,0.985184,0.989519
1.021449,0.982099,0.988001
1.018683,0.981458,0.988956
1.021264,0.984347,0.987505
1.019542,0.981240,0.982945
1.025699,0.983584,0.986362
1.021563,0.984685,0.984434
1.021335,0.982194,0.981776
1.019127,0.980266,0.981741
1.018587,0.981434,0.979868
1.017582,0.978857,0.978212
1.013430,0.979592,0.975614
1.005204,0.976347,0.974256
0.994793,0.974426,0.971756
0.986136,0.969933,0.968428
0.978246,0.959270,0.968126
0.975226,0.953532,0.963731
0.970526,0.945466,0.964233
0.967768,0.942432,0.959011
0.967428,0.935555,0.959892
0.965421,0.930622,0.953647
0.964753,0.925296,0.947489
0.960534,0.924168,0.944654
0.961992,0.923414,0.941875
0.961992,0.920614,0.935464
0.961841,0.916115,0.933278
0.957580,0.915712,0.927151
0.960451,0.916550,0.924431
0.957489,0.916665,0.926669
0.959670,0.915880,0.925566
0.957708,0.915998,0.920956
0.955722,0.919878,0.919674
0.953591,0.918390,0.918883
0.958028,0.913987,0.919899
0.958930,0.911744,0.917981
0.962436,0.919012,0.920150
0.957479,0.912438,0.917017
0.960114,0.918203,0.919034
0.957129,0.914711,0.917105
0.958181,0.911973,0.916811
0.958364,0.915252,0.916863
0.960698,0.914690,0.917310
0.958427,0.913120,0.917045
0.958302,0.916077,0.915250
0.957432,0.913875,0.914831
0.956744,0.914942,0.918653
0.957899,0.913386,0.914907
0.958784,0.912210,0.916657
0.957453,0.914548,0.915125
0.953887,0.913665,0.919586
0.956361,0.913546,0.915697
0.958446,0.912327,0.917909
0.956618,0.913547,0.918892
0.955046,0.918614,0.918937
0.953970,0.912017,0.916859
0.956482,0.914179,0.915786
0.955931,0.910185,0.916760
0.957481,0.915261,0.917575
0.956257,0.912203,0.913813
0.956331,0.915020,0.916894
0.953950,0.916008,0.916130
0.956071,0.915001,0.916368
0.960640,0.915035,0.916942
0.964552,0.911275,0.915554
0.967877,0.910223,0.917129
0.974564,0.912707,0.917679
0.976862,0.912287,0.915425
0.978884,0.911455,0.916356
0.973181,0.913079,0.915823
0.973681,0.915265,0.918203
0.974495,0.911446,0.915813
0.970813,0.916380,0.917716
0.975274,0.913826,0.916371
0.977485,0.914486,0.916428
0.974359,0.913151,0.914927
0.978822,0.913774,0.915095
0.973287,0.912372,0.914003
0.969496,0.911847,0.917755
0.963892,0.911047,0.916427
0.960513,0.910588,0.917575
0.956624,0.907540,0.914294
0.953362,0.908668,0.912074
0.952497,0.908959,0.915514
0.952944,0.910707,0.915392
0.953356,0.910739,0.917332
0.955784,0.909647,0.917744
0.954978,0.911924,0.915322
0.956757,0.908074,0.918046
0.958367,0.912890,0.913452
0.957354,0.913977,0.916785
0.957523,0.910928,0.914458
0.959841,0.909869,0.913846
0.959711,0.912033,0.915410
0.960353,0.911050,0.917582
0.956997,0.911372,0.913679
0.958632,0.911947,0.913754
0.958066,0.910462,0.913570
0.964603,0.909656,0.915523
0.961157,0.910822,0.913576
0.963133,0.911664,0.913825
0.961964,0.907918,0.910966
0.964985,0.913969,0.913200
0.965727,0.910027,0.913119
0.963927,0.914285,0.915704
0.960836,0.911356,0.913427
0.959106,0.908819,0.915274
0.956463,0.910227,0.914459
0.954849,0.911233,0.914783
0.956269,0.910715,0.915181
0.954578,0.912842,0.916393
0.956288,0.912945,0.914368
0.954133,0.910346,0.915515
0.950687,0.912433,0.914969
0.954092,0.910004,0.914027
0.953351,0.909064,0.913670
0.951800,0.912993,0.914550
0.951002,0.909779,0.914808
0.954407,0.909269,0.914025
0.952700,0.906798,0.913355
0.952826,0.908411,0.911355
0.949604,0.906288,0.910445
0.951395,0.908529,0.912901
0.954659,0.907302,0.911463
0.954300,0.910865,0.912265
0.950026,0.908967,0.913355
0.950691,0.908494,0.912306
0.948575,0.907989,0.913115
0.954007,0.911659,0.911608
0.954848,0.907579,0.912339
0.952542,0.910693,0.910567
0.950819,0.910498,0.907912
0.954579,0.911384,0.911694
0.952411,0.911043,0.909508
0.949769,0.907239,0.914072
0.952602,0.911129,0.913111
0.955346,0.909382,0.913029
0.951246,0.906820,0.910843
0.951633,0.907513,0.910365
0.950810,0.910115,0.909954
0.948878,0.912513,0.911547
0.949668,0.906335,0.908120
0.951417,0.908581,0.911950
0.951236,0.908882,0.909085
0.953405,0.905255,0.911778
0.950199,0.907263,0.909175
0.950727,0.907179,0.908235
0.949900,0.907499,0.911499
0.953083,0.906743,0.910233
0.948507,0.902084,0.908998
0.949975,0.908692,0.911041
0.944225,0.905955,0.907023
0.949722,0.909094,0.908093
0.943669,0.904537,0.908440
0.948195,0.908303,0.907821
0.945277,0.907918,0.908525
0.944604,0.905836,0.908787
0.947645,0.907454,0.908325
0.949847,0.907835,0.908484
0.947365,0.907280,0.905378
0.949439,0.909008,0.908869
0.950005,0.907501,0.908159
0.948522,0.907292,0.911195
0.946265,0.904102,0.908046
0.943317,0.906014,0.909656
0.946526,0.910886,0.906101
0.950107,0.905910,0.909283
0.950455,0.904589,0.908479
0.952860,0.905186,0.909224
0.951050,0.910414,0.907095
0.948814,0.910212,0.909709
0.947326,0.906079,0.907747
0.952412,0.908570,0.908010
0.952883,0.907812,0.908907
0.946847,0.907167,0.907994
0.947529,0.906184,0.906795
0.950288,0.906281,0.908561
0.945388,0.907063,0.907148
0.950016,0.908061,0.907573
0.943452,0.907011,0.906118
0.946637,0.906957,0.909256
0.943648,0.906911,0.907733
0.941306,0.908168,0.910393
0.946574,0.908456,0.907265
0.950118,0.906116,0.908942
0.947290,0.909588,0.906479
0.946344,0.906456,0.906704
0.948712,0.903474,0.905504
0.951057,0.905098,0.906038
0.951427,0.904915,0.907033
0.948660,0.908891,0.907046
0.948488,0.906869,0.905547
0.950627,0.906813,0.906917
0.950356,0.905060,0.906869
0.950956,0.906109,0.907861
0.949701,0.906325,0.906992
0.947832,0.907813,0.905293
0.949631,0.906404,0.907081
0.950214,0.907134,0.906618
0.945320,0.906681,0.903720
0.947990,0.904949,0.906857
0.949986,0.904900,0.905492
0.947853,0.908866,0.907689
0.947213,0.906273,0.904296
0.950769,0.907220,0.906912
0.946210,0.909013,0.906620
0.949447,0.905211,0.904399
0.947227,0.904048,0.905003
0.948055,0.905538,0.903543
0.945042,0.906330,0.905513
0.953049,0.904063,0.906775
0.947059,0.904063,0.907796
0.952647,0.904373,0.904910
0.944739,0.902575,0.904484
0.947472,0.905550,0.905806
0.947404,0.904801,0.907125
0.945020,0.906462,0.904331
0.946558,0.906609,0.906558
0.944730,0.906679,0.908378
0.946031,0.905294,0.907380
0.946802,0.905194,0.904959
0.947288,0.904362,0.904392
0.946301,0.907045,0.905118
0.947099,0.904059,0.905796
0.945962,0.903966,0.904348
0.943615,0.906395,0.905602
0.943109,0.904951,0.905443
0.947962,0.905328,0.902436
0.947419,0.905671,0.908015
0.948725,0.905162,0.905180
0.950073,0.903648,0.906174
0.949618,0.909625,0.902818
0.949078,0.906109,0.907951
0.948744,0.906006,0.904196
0.947679,0.907216,0.907524
0.946441,0.903507,0.902953
0.945910,0.903887,0.908273
0.948248,0.903647,0.905867
0.947360,0.908652,0.906957
0.945284,0.907239,0.905983
0.948691,0.906177,0.908657
0.945141,0.907923,0.905578
0.948080,0.906535,0.908293
0.946684,0.906200,0.909575
0.948729,0.905948,0.907757
0.946582,0.905812,0.906267
0.946097,0.904725,0.912169
0.948468,0.908300,0.905363
0.948388,0.908307,0.911644
0.949338,0.903710,0.906777
0.950639,0.907438,0.908338
0.949422,0.905397,0.908394
0.948049,0.909533,0.909035
0.948329,0.905967,0.907975
0.948508,0.904417,0.908878
0.947281,0.906841,0.905032
0.948018,0.905202,0.908111
0.944207,0.906369,0.908279
0.942542,0.908587,0.910026
0.942332,0.902720,0.907493
0.943904,0.910257,0.911425
0.940943,0.906140,0.907948
0.943240,0.909088,0.909599
0.943152,0.906521,0.907915
0.945915,0.908684,0.908925
0.942672,0.908200,0.908106
0.943948,0.906858,0.909045
0.942037,0.907175,0.906157
0.944549,0.907502,0.908693
0.945094,0.904315,0.909321
0.947907,0.909712,0.908534
0.947595,0.905053,0.905736
0.943198,0.906474,0.908862
0.944411,0.907387,0.908557
0.943405,0.906293,0.907408
0.944738,0.906479,0.908336
0.941482,0.903893,0.909009
0.943251,0.904915,0.910936
0.946668,0.910602,0.911661
0.943756,0.906726,0.911479
0.945109,0.908450,0.910443
0.941494,0.908263,0.909427
0.943366,0.907439,0.910956
0.942151,0.906199,0.911301
0.944882,0.910033,0.911430
0.943455,0.909897,0.912039
0.943565,0.909060,0.914914
0.944734,0.908430,0.912106
0.942232,0.907490,0.913346
0.943001,0.906401,0.910625
0.945145,0.909580,0.911160
0.942289,0.914962,0.913591
0.943168,0.910223,0.911772
0.940758,0.907673,0.911482
0.943281,0.909896,0.912726
0.944121,0.908729,0.913193
0.945224,0.909502,0.912855
0.942372,0.908750,0.912976
0.942194,0.912897,0.912002
0.941625,0.907604,0.913357
0.943076,0.910861,0.916552
0.944991,0.910077,0.911569
0.945669,0.907293,0.914234
0.944526,0.910334,0.913421
0.944198,0.912744,0.912100
0.942568,0.910537,0.916556
0.942179,0.907579,0.916225
0.945837,0.908248,0.915245
0.943009,0.910106,0.915647
0.942298,0.909746,0.914703
0.945294,0.910920,0.918235
0.943674,0.911363,0.915714
0.944329,0.909938,0.915167
0.943262,0.909868,0.914898
0.945026,0.912677,0.914847
0.940957,0.910318,0.914354
0.945613,0.909385,0.914733
0.943623,0.912210,0.914708
0.942003,0.911982,0.916318
0.946189,0.911454,0.916310
0.943677,0.911241,0.915630
0.941619,0.913470,0.919052
0.942229,0.911430,0.916703
0.937802,0.909973,0.916475
0.942077,0.913422,0.915283
0.936799,0.912683,0.914610
0.939540,0.912387,0.916598
0.935729,0.912611,0.917242
0.936964,0.914031,0.917879
0.937016,0.913511,0.915510
0.942385,0.913415,0.918022
0.942830,0.913970,0.915281
0.941512,0.914853,0.919572
0.943484,0.914423,0.914556
0.942460,0.915244,0.916265
0.938009,0.916625,0.915821
0.942746,0.915166,0.917094
0.942797,0.914517,0.917598
0.943794,0.916317,0.919254
0.942319,0.913957,0.919531
0.942518,0.919573,0.918379
0.942469,0.918986,0.917799
0.942091,0.921818,0.918182
0.942965,0.916741,0.917935
0.943793,0.919805,0.916331
0.940268,0.916217,0.917041
0.939870,0.911317,0.917382
0.942822,0.917077,0.915551
0.941802,0.915888,0.918608
0.940643,0.915212,0.919744
0.943085,0.916815,0.919781
0.942650,0.914826,0.919666
0.940906,0.919578,0.917803
0.939371,0.916182,0.917756
0.942401,0.918770,0.915647
0.942426,0.918928,0.918754
0.940266,0.918302,0.917706
0.943577,0.915706,0.917292
0.942507,0.917582,0.919597
0.938232,0.917916,0.920071
0.941495,0.917900,0.923131
0.941518,0.916386,0.921674
0.940360,0.921238,0.922841
0.940142,0.918285,0.920719
0.940798,0.921748,0.921908
0.938909,0.917866,0.923048
0.943115,0.924296,0.923092
0.937404,0.920508,0.921686
0.940356,0.921410,0.923178
0.938184,0.920852,0.922183
0.940171,0.922976,0.920642
0.940345,0.919617,0.921264
0.937370,0.923818,0.920721
0.938885,0.921351,0.924862
0.937878,0.920700,0.922929
0.938728,0.919233,0.921545
0.939056,0.920790,0.920211
0.938937,0.915568,0.921083
0.943391,0.921072,0.925458
0.940823,0.916820,0.928841
0.939204,0.921843,0.932483
0.938089,0.920977,0.934834
0.938552,0.921585,0.935801
0.937101,0.920334,0.935938
0.939925,0.922133,0.938016
0.940321,0.921818,0.937558
0.938990,0.924077,0.937406
0.940713,0.926588,0.936068
0.940969,0.927219,0.939025
0.942044,0.923745,0.942591
0.945065,0.930400,0.948599
0.942061,0.937716,0.947501
0.947141,0.949472,0.951231
0.950633,0.954493,0.950811
0.961637,0.955066,0.953779
0.968244,0.956338,0.953297
0.968513,0.960239,0.954215
0.968866,0.960378,0.957535
0.971575,0.961655,0.958994
0.969801,0.961685,0.957289
0.971120,0.965628,0.960945
0.969740,0.964895,0.959953
0.972014,0.965183,0.961133
0.970177,0.963563,0.956121
0.970867,0.966050,0.958564
0.968522,0.965730,0.957045
0.967012,0.967923,0.960969
0.968937,0.964389,0.956459
0.964788,0.966642,0.959547
0.963882,0.965861,0.958115
0.964932,0.963215,0.956779
0.962146,0.960777,0.957325
0.961294,0.964735,0.956228
0.957870,0.960320,0.956245
0.959477,0.962677,0.957743
0.954582,0.962063,0.953360
0.960073,0.961448,0.955359
0.959305,0.959886,0.950299
0.962431,0.957048,0.947402
0.959701,0.955538,0.947098
0.957653,0.951842,0.942652
0.958303,0.945180,0.936875
0.956719,0.939073,0.932776
0.950297,0.935327,0.930745
0.948641,0.933131,0.928271
0.946570,0.934753,0.927588
0.943945,0.931053,0.928796
0.938405,0.928796,0.927148
0.939487,0.934879,0.929893
0.938246,0.936763,0.930246
0.938258,0.934415,0.925541
0.938973,0.936132,0.926265
0.937502,0.936633,0.930796
0.938350,0.934869,0.926095
0.940881,0.932164,0.929559
0.937515,0.933609,0.928995
0.939049,0.934032,0.927657
0.937807,0.936728,0.927257
0.935513,0.936364,0.930497
0.938869,0.932248,0.929216
0.935413,0.936149,0.927592
0.937768,0.934738,0.929655
0.939639,0.936983,0.929063
0.935953,0.936168,0.929131
0.936949,0.937175,0.932991
0.938658,0.936725,0.928602
0.938198,0.940385,0.928660
0.937281,0.932713,0.927463
0.936126,0.938460,0.932227
0.936099,0.940144,0.930126
0.937686,0.939920,0.931620
0.936417,0.939046,0.932917
0.938460,0.939302,0.932430
0.939012,0.938348,0.932045
0.940949,0.938429,0.933891
0.937499,0.940873,0.932173
0.938428,0.942070,0.936249
0.938871,0.941361,0.932396
0.937796,0.943748,0.930577
0.936097,0.939745,0.931192
0.937273,0.941881,0.934195
0.937328,0.941094,0.933042
0.937394,0.942685,0.932418
0.936647,0.944616,0.935801
0.937581,0.944589,0.937439
0.936252,0.942059,0.935169
0.939651,0.942084,0.936665
0.937583,0.941124,0.934037
0.939193,0.942939,0.935805
0.936463,0.945809,0.934856
0.937781,0.943961,0.938016
0.937186,0.945053,0.934841
0.938436,0.942967,0.939531
0.936934,0.945691,0.936531
0.936557,0.942459,0.936507
0.934574,0.943678,0.935896
0.935161,0.947919,0.937310
0.933876,0.947624,0.937620
0.937070,0.947768,0.939657
0.938076,0.942635,0.937439
0.940631,0.945813,0.940741
0.946310,0.943333,0.937894
0.949810,0.944480,0.939039
0.945587,0.949917,0.938240
0.944969,0.950425,0.940088
0.945661,0.952769,0.938547
0.945096,0.952444,0.940560
0.944433,0.957247,0.941759
0.944022,0.956067,0.941650
0.941905,0.955677,0.938711
0.944578,0.958145,0.942655
0.942471,0.957201,0.939957
0.942832,0.957999,0.941823
0.941163,0.953415,0.943683
0.941724,0.953916,0.942253
0.943320,0.953093,0.937963
0.944761,0.951198,0.942077
0.942872,0.953156,0.942290
0.937973,0.952891,0.942883
0.935099,0.951864,0.941790
0.936453,0.953101,0.944656
0.936190,0.952369,0.940524
0.934183,0.957581,0.945045
0.935727,0.956501,0.943951
0.935432,0.952955,0.944011
0.937066,0.953733,0.945675
0.937599,0.955331,0.944861
0.938021,0.956295,0.945552
0.940402,0.953953,0.948004
0.936260,0.956610,0.943636
0.937117,0.956615,0.943618
0.935513,0.958372,0.947404
0.940883,0.956962,0.948196
0.937202,0.957394,0.949081
0.938490,0.956482,0.947253
0.937367,0.954403,0.945529
0.938604,0.955161,0.951584
0.936327,0.957141,0.948544
0.936266,0.958649,0.951302
0.936813,0.960121,0.948824
0.939867,0.959217,0.952475
0.936433,0.962570,0.951272
0.939064,0.962853,0.954023
0.938971,0.961968,0.951216
0.940783,0.960283,0.952087
0.937707,0.958147,0.954516
0.941068,0.964660,0.956856
0.939264,0.964435,0.954770
0.937187,0.967216,0.955630
0.933792,0.963977,0.954140
0.937234,0.966935,0.956440
0.935458,0.966403,0.954400
0.940229,0.963488,0.955789
0.939394,0.965476,0.956372
0.938650,0.971656,0.956584
0.938664,0.967115,0.957822
0.936578,0.967770,0.958098
0.937494,0.968447,0.956924
0.938960,0.967504,0.958904
0.939578,0.967811,0.961272
0.939305,0.969189,0.957513
0.939546,0.970000,0.959123
0.939081,0.971443,0.960229
0.938506,0.969310,0.961398
0.941293,0.968589,0.963236
0.938916,0.967179,0.960137
0.939471,0.969263,0.960977
0.937711,0.970400,0.961906
0.939278,0.972939,0.962569
0.938543,0.970982,0.964896
0.936349,0.973968,0.962815
0.934658,0.974434,0.962406
0.938215,0.977162,0.965983
0.936094,0.975758,0.966218
0.936803,0.973814,0.968103
0.940100,0.975598,0.966600
0.938881,0.975512,0.966754
0.934270,0.973919,0.968856
0.940028,0.976986,0.968907
0.938683,0.974570,0.970978
0.938898,0.976958,0.969277
0.938132,0.976968,0.970104
0.940907,0.978739,0.973248
0.940640,0.976997,0.970171
0.939969,0.982308,0.970133
0.939228,0.984309,0.971799
0.941166,0.982486,0.973131
0.937096,0.982179,0.972160
0.941462,0.982251,0.974947
0.940269,0.981064,0.976435
0.944077,0.981471,0.976959
0.941461,0.979622,0.972514
0.937110,0.984494,0.974529
0.935022,0.983772,0.975968
0.940567,0.986079,0.977018
0.937444,0.985776,0.974137
0.939854,0.984764,0.977794
0.939912,0.987378,0.977289
0.939777,0.986508,0.977931
0.939178,0.986523,0.978273
0.941029,0.987865,0.978375
0.938381,0.989879,0.981823
0.942089,0.985469,0.980740
0.941022,0.986724,0.978032
0.943372,0.986282,0.981527
0.935934,0.991007,0.984649
0.940826,0.990209,0.983115
0.940491,0.992051,0.983691
0.941271,0.991931,0.984538
0.939533,0.993897,0.984687
0.941708,0.988169,0.984315
0.941397,0.994368,0.985846
0.940127,0.996308,0.986551
0.937609,0.998559,0.988664
0.938474,0.995045,0.989037
0.936932,0.994507,0.987381
0.941236,0.998505,0.991381
0.939793,0.997567,0.989108
0.941921,0.997172,0.990188
0.939508,0.998751,0.987719
0.937302,0.997974,0.991516
0.938956,0.996594,0.993184
0.942030,0.998710,0.992461
0.941215,0.998435,0.992033
0.942177,1.000083,0.993866
0.936090,0.995978,0.990986
0.940430,1.001733,0.993790
0.941584,1.000519,0.995267
0.943477,1.004059,0.995874
0.941440,1.002888,0.995145
0.942819,1.004300,0.997264
0.938549,1.003041,0.998118
0.941045,1.002915,1.001002
0.940942,1.004123,1.000269
0.940267,1.006053,0.998506
0.938981,1.007831,1.002337
0.940619,1.010154,1.002203
0.939980,1.006107,1.000263
0.942292,1.003970,1.004905
0.943293,1.007220,1.004035
0.941999,1.010821,1.007125
0.938481,1.009184,1.005473
0.940596,1.012581,1.003897
0.941358,1.011900,1.005502
0.942586,1.011436,1.005555
0.943013,1.010464,1.004380
0.942685,1.013457,1.007014
0.941442,1.013146,1.006989
0.941454,1.014879,1.008444
0.939670,1.010867,1.004792
0.941604,1.014840,1.008906
0.941378,1.011138,1.008946
0.940637,1.015799,1.009956
0.938645,1.014245,1.011391
0.938911,1.013640,1.013841
0.938650,1.013117,1.016299
0.940283,1.017124,1.019903
0.939291,1.014465,1.018457
0.942021,1.019212,1.018716
0.939623,1.017378,1.021143
0.942207,1.019989,1.020568
0.940793,1.020638,1.019411
0.942254,1.019934,1.021627
0.938811,1.021517,1.014799
0.940281,1.018796,1.016389
0.941687,1.023763,1.016960
0.937344,1.023056,1.019207
0.936658,1.025618,1.020075
0.939347,1.025587,1.021739
0.939015,1.026879,1.020802
0.938214,1.025515,1.022600
0.939520,1.029430,1.024624
0.939411,1.029540,1.026623
0.940826,1.028207,1.023424
0.941054,1.032752,1.024680
0.941348,1.034484,1.027946
0.941886,1.027753,1.029511
0.941454,1.031546,1.028913
0.943159,1.034437,1.031004
0.939520,1.034421,1.030086
0.941683,1.029969,1.031954
0.940258,1.031909,1.029470
0.942146,1.035413,1.033394
0.942608,1.034538,1.031297
0.945111,1.037249,1.030869
0.942229,1.037079,1.030650
0.947470,1.037901,1.031465
0.947090,1.035867,1.028699
0.944644,1.037599,1.033933
0.942007,1.037815,1.033216
0.942509,1.041146,1.033736
0.943432,1.043688,1.032613
0.941809,1.041453,1.038271
0.943466,1.040273,1.033424
0.942996,1.044322,1.034514
0.942980,1.044856,1.036157
0.944089,1.043117,1.038649
0.941530,1.044337,1.036677
0.943066,1.046451,1.039382
0.943091,1.045988,1.040421
0.941351,1.045088,1.039151
0.938979,1.041644,1.040874
0.939611,1.050981,1.040176
0.938322,1.048714,1.042068
0.939309,1.050556,1.040076
0.939516,1.048025,1.039915
0.939738,1.048462,1.043226
0.941666,1.047862,1.042351
0.942496,1.047529,1.045188
0.940868,1.047365,1.046484
0.940217,1.052333,1.044525
0.938964,1.055234,1.043634
0.939810,1.055592,1.046087
0.939694,1.052095,1.044414
0.940771,1.053129,1.047800
0.940537,1.055976,1.047906
0.942491,1.056120,1.049674
0.939444,1.055132,1.050158
0.939757,1.059715,1.050438
0.937730,1.057151,1.052716
0.944002,1.061215,1.054133
0.940786,1.060156,1.053994
0.942172,1.061783,1.055172
0.941427,1.062369,1.055603
0.940583,1.061346,1.058039
0.935316,1.062266,1.055812
0.939203,1.064455,1.054150
0.942171,1.061563,1.055216
0.943596,1.064762,1.056197
0.940235,1.065580,1.056996
0.939892,1.066971,1.057599
0.939509,1.067636,1.059327
0.940436,1.062263,1.060273
0.944927,1.069288,1.063510
0.944426,1.077034,1.063015
0.944718,1.076304,1.059863
0.948425,1.077764,1.064140
0.949955,1.081987,1.061845
0.949421,1.080891,1.064370
0.949508,1.080162,1.065324
0.957311,1.081429,1.066807
0.956648,1.083209,1.064979
0.957561,1.082753,1.068463
0.957858,1.083742,1.068061
0.957956,1.084237,1.065815
0.957418,1.083520,1.069768
0.957064,1.090132,1.071400
0.955814,1.089273,1.069906
0.961080,1.085952,1.071414
0.956755,1.086085,1.072082
0.956068,1.084211,1.073952
0.955027,1.083793,1.072215
0.948779,1.082886,1.075780
0.940006,1.078751,1.071379
0.942475,1.086919,1.073819
0.942537,1.085772,1.076254
0.939567,1.086510,1.078578
0.938549,1.085175,1.077988
0.943686,1.088177,1.080833
0.940440,1.090568,1.080724
0.939428,1.090876,1.083911
0.939966,1.087395,1.079734
0.943559,1.092204,1.082897
0.941220,1.090217,1.081206
0.941913,1.095969,1.083074
0.938844,1.099013,1.083486
0.941489,1.100070,1.086286
0.936654,1.102304,1.088104
0.937001,1.099097,1.088507
0.937126,1.099857,1.088660
0.936888,1.098282,1.090095
0.936950,1.098507,1.090278
0.935919,1.101604,1.094634
0.937547,1.105316,1.091454
0.938302,1.106825,1.094143
0.937485,1.103857,1.094743
0.941478,1.105001,1.096166
0.941041,1.107610,1.096006
0.940081,1.109633,1.096599
0.928550,1.104577,1.098471
0.933806,1.110414,1.101654
0.934972,1.110113,1.098041
0.938336,1.110738,1.104858
0.938074,1.110495,1.102065
0.939702,1.114388,1.102109
0.942159,1.113879,1.105120
0.944058,1.116215,1.106024
0.940469,1.115883,1.106277
0.938520,1.115927,1.107221
0.941580,1.119111,1.105804
0.940253,1.120344,1.113132
0.939255,1.126747,1.114379
0.943205,1.123523,1.116399
0.942514,1.120073,1.114547
0.945648,1.122854,1.116557
0.942901,1.126385,1.117564
0.943184,1.124100,1.116709
0.940202,1.130919,1.117991
0.945875,1.131909,1.116996
0.942120,1.132297,1.119850
0.947905,1.129342,1.123556
0.944660,1.135399,1.122872
0.948628,1.134210,1.122732
0.943177,1.136107,1.124232
0.944900,1.134267,1.129105
0.943347,1.137287,1.124611
0.943999,1.138619,1.127402
0.943114,1.136252,1.126234
0.946342,1.142735,1.124588
0.942730,1.139225,1.127432
0.945565,1.140898,1.131002
0.945884,1.141665,1.131607
0.945076,1.144968,1.132479
0.945407,1.148669,1.131047
0.946538,1.145882,1.132991
0.945301,1.144959,1.132069
0.946760,1.150549,1.132889
0.943582,1.154488,1.134467
0.946300,1.155963,1.136120
0.943113,1.155990,1.139044
0.947333,1.159894,1.142113
0.953404,1.158977,1.141174
0.955257,1.159607,1.143808
0.951665,1.160185,1.144133
0.951112,1.157857,1.146059
0.954884,1.157748,1.145194
0.956020,1.164763,1.148248
0.954155,1.163630,1.150469
0.955063,1.167756,1.149319
0.952052,1.164031,1.148886
